M,K,N,method,R,S,median_us,min_worker_us,max_worker_us,worker_us,runs,baseline_changed,outputs,max_abs,max_L1_relative,relative_L2
5120,5120,1,0,1,32,486.170655,474.288005,491.888,"[491.888, 474.288005, 486.170655]","['1788871535897961179', '1788871603764092255', '1788871639187968698']",0,5120,0.01099352645,3.471909776e-08,1.030697382e-07
5120,5120,1,1,1,32,381.62133500000004,381.130675,388.17068,"[388.17068, 381.62133500000004, 381.130675]","['1788871535897961179', '1788871603764092255', '1788871639187968698']",0,5120,0.01099352645,3.471909776e-08,1.030697382e-07
5120,5120,1,2,1,32,97.14667,96.45333500000001,98.138665,"[98.138665, 97.14667, 96.45333500000001]","['1788871535897961179', '1788871603764092255', '1788871639187968698']",0,5120,0.01099352645,3.471909776e-08,1.030697382e-07
5120,5120,1,2,2,32,66.069335,65.97867,66.688,"[66.688, 66.069335, 65.97867]","['1788871535897961179', '1788871603764092255', '1788871639187968698']",0,5120,0.01099352645,3.471909776e-08,1.030697382e-07
5120,5120,1,2,4,8,62.794664999999995,62.256,63.029335,"[63.029335, 62.794664999999995, 62.256]","['1788871535897961179', '1788871603764092255', '1788871639187968698']",3698,5120,0.01158351851,3.728948881e-08,1.182597046e-07
5120,5120,1,2,4,16,47.664,47.621335,47.92,"[47.664, 47.92, 47.621335]","['1788871535897961179', '1788871603764092255', '1788871639187968698']",3395,5120,0.01002266051,3.104249063e-08,1.058974647e-07
5120,5120,1,2,4,32,49.018665,48.77867,49.322665,"[49.018665, 49.322665, 48.77867]","['1788871535897961179', '1788871603764092255', '1788871639187968698']",0,5120,0.01099352645,3.471909776e-08,1.030697382e-07
5120,5120,1,3,4,32,100.976,100.250665,102.416,"[102.416, 100.976, 100.250665]","['1788871535897961179', '1788871603764092255', '1788871639187968698']",0,5120,0.01099352645,3.471909776e-08,1.030697382e-07
5120,5120,1,4,4,8,96.293335,95.68,97.34400500000001,"[97.34400500000001, 96.293335, 95.68]","['1788871535897961179', '1788871603764092255', '1788871639187968698']",4027,5120,0.01130544463,3.219755982e-08,1.172345753e-07
5120,5120,1,4,4,32,52.928005,52.72533,53.15733,"[53.15733, 52.928005, 52.72533]","['1788871535897961179', '1788871603764092255', '1788871639187968698']",3928,5120,0.009634151429,3.108933631e-08,1.017142291e-07
5120,5120,1,5,1,32,464.92801,463.67465000000004,482.255995,"[482.255995, 464.92801, 463.67465000000004]","['1788871535897961179', '1788871603764092255', '1788871639187968698']",0,5120,0.01099352645,3.471909776e-08,1.030697382e-07
5120,5120,1,6,1,32,389.64267,388.869325,400.39999,"[400.39999, 389.64267, 388.869325]","['1788871535897961179', '1788871603764092255', '1788871639187968698']",0,5120,0.01099352645,3.471909776e-08,1.030697382e-07
5120,5120,1,7,1,32,99.52000000000001,98.89066,99.744005,"[99.744005, 99.52000000000001, 98.89066]","['1788871535897961179', '1788871603764092255', '1788871639187968698']",0,5120,0.01099352645,3.471909776e-08,1.030697382e-07
5120,5120,1,7,2,32,68.352,67.82934,68.42133,"[68.42133, 68.352, 67.82934]","['1788871535897961179', '1788871603764092255', '1788871639187968698']",0,5120,0.01099352645,3.471909776e-08,1.030697382e-07
5120,5120,1,7,4,32,51.343999999999994,50.992,51.685334999999995,"[51.685334999999995, 51.343999999999994, 50.992]","['1788871535897961179', '1788871603764092255', '1788871639187968698']",0,5120,0.01099352645,3.471909776e-08,1.030697382e-07
5120,5120,1,8,4,32,101.765335,101.466665,103.72266,"[103.72266, 101.765335, 101.466665]","['1788871535897961179', '1788871603764092255', '1788871639187968698']",0,5120,0.01099352645,3.471909776e-08,1.030697382e-07
5120,5120,1,9,4,32,55.02933,54.522665,55.082665000000006,"[55.02933, 55.082665000000006, 54.522665]","['1788871535897961179', '1788871603764092255', '1788871639187968698']",3928,5120,0.009634151429,3.108933631e-08,1.017142291e-07
17408,5120,1,0,1,32,1487.722655,1487.7066650000002,1489.9199800000001,"[1489.9199800000001, 1487.7066650000002, 1487.722655]","['1788871542842333124', '1788871595219634625', '1788871653351423149']",0,17408,0.01129590199,3.736038849e-08,1.031539396e-07
17408,5120,1,1,1,32,1271.37073,1271.3226949999998,1282.60266,"[1282.60266, 1271.3226949999998, 1271.37073]","['1788871542842333124', '1788871595219634625', '1788871653351423149']",0,17408,0.01129590199,3.736038849e-08,1.031539396e-07
17408,5120,1,2,1,32,307.67467,307.36533999999995,307.770675,"[307.67467, 307.36533999999995, 307.770675]","['1788871542842333124', '1788871595219634625', '1788871653351423149']",0,17408,0.01129590199,3.736038849e-08,1.031539396e-07
17408,5120,1,2,2,32,203.04,202.54933,203.18932999999998,"[203.18932999999998, 203.04, 202.54933]","['1788871542842333124', '1788871595219634625', '1788871653351423149']",0,17408,0.01129590199,3.736038849e-08,1.031539396e-07
17408,5120,1,2,4,8,143.856,143.51467000000002,143.94666999999998,"[143.51467000000002, 143.94666999999998, 143.856]","['1788871542842333124', '1788871595219634625', '1788871653351423149']",12342,17408,0.01196030361,3.671932811e-08,1.177984175e-07
17408,5120,1,2,4,16,156.522665,155.994675,157.237335,"[157.237335, 155.994675, 156.522665]","['1788871542842333124', '1788871595219634625', '1788871653351423149']",11427,17408,0.01267067487,3.24014401e-08,1.067916332e-07
17408,5120,1,2,4,32,154.608,154.512005,155.29066999999998,"[154.608, 154.512005, 155.29066999999998]","['1788871542842333124', '1788871595219634625', '1788871653351423149']",0,17408,0.01129590199,3.736038849e-08,1.031539396e-07
17408,5120,1,3,4,32,296.18665999999996,296.00001499999996,298.88533,"[296.00001499999996, 296.18665999999996, 298.88533]","['1788871542842333124', '1788871595219634625', '1788871653351423149']",0,17408,0.01129590199,3.736038849e-08,1.031539396e-07
17408,5120,1,4,4,8,158.426665,158.384005,158.52267,"[158.52267, 158.426665, 158.384005]","['1788871542842333124', '1788871595219634625', '1788871653351423149']",13837,17408,0.0164566763,4.692863847e-08,1.197766597e-07
17408,5120,1,4,4,32,170.58667,169.30133,170.74668,"[170.58667, 169.30133, 170.74668]","['1788871542842333124', '1788871595219634625', '1788871653351423149']",13313,17408,0.01110439425,4.005936811e-08,1.042294604e-07
17408,5120,1,5,1,32,1490.4533649999998,1490.159915,1493.07727,"[1493.07727, 1490.159915, 1490.4533649999998]","['1788871542842333124', '1788871595219634625', '1788871653351423149']",0,17408,0.01129590199,3.736038849e-08,1.031539396e-07
17408,5120,1,6,1,32,1268.47467,1263.365355,1274.394655,"[1274.394655, 1268.47467, 1263.365355]","['1788871542842333124', '1788871595219634625', '1788871653351423149']",0,17408,0.01129590199,3.736038849e-08,1.031539396e-07
17408,5120,1,7,1,32,309.73334,309.690675,309.89868,"[309.89868, 309.690675, 309.73334]","['1788871542842333124', '1788871595219634625', '1788871653351423149']",0,17408,0.01129590199,3.736038849e-08,1.031539396e-07
17408,5120,1,7,2,32,204.92800499999998,204.48532999999998,204.98133,"[204.92800499999998, 204.48532999999998, 204.98133]","['1788871542842333124', '1788871595219634625', '1788871653351423149']",0,17408,0.01129590199,3.736038849e-08,1.031539396e-07
17408,5120,1,7,4,32,161.68,161.551995,161.74400500000002,"[161.551995, 161.68, 161.74400500000002]","['1788871542842333124', '1788871595219634625', '1788871653351423149']",0,17408,0.01129590199,3.736038849e-08,1.031539396e-07
17408,5120,1,8,4,32,296.725345,295.68533,296.832,"[296.725345, 296.832, 295.68533]","['1788871542842333124', '1788871595219634625', '1788871653351423149']",0,17408,0.01129590199,3.736038849e-08,1.031539396e-07
17408,5120,1,9,4,32,174.69334,173.882675,174.86399,"[174.86399, 173.882675, 174.69334]","['1788871542842333124', '1788871595219634625', '1788871653351423149']",13313,17408,0.01110439425,4.005936811e-08,1.042294604e-07
5120,17408,1,0,1,32,1623.5466900000001,1602.62927,1643.30127,"[1643.30127, 1623.5466900000001, 1602.62927]","['1788871550044045479', '1788871588789706429', '1788871630725552414']",0,5120,0.02093466176,1.97856485e-08,1.195455834e-07
5120,17408,1,1,1,32,1393.4666750000001,1393.28003,1397.834595,"[1393.28003, 1397.834595, 1393.4666750000001]","['1788871550044045479', '1788871588789706429', '1788871630725552414']",0,5120,0.02093466176,1.97856485e-08,1.195455834e-07
5120,17408,1,2,1,32,310.18132,309.552,311.12533499999995,"[310.18132, 311.12533499999995, 309.552]","['1788871550044045479', '1788871588789706429', '1788871630725552414']",0,5120,0.02093466176,1.97856485e-08,1.195455834e-07
5120,17408,1,2,2,32,205.41333,205.376,205.504005,"[205.376, 205.504005, 205.41333]","['1788871550044045479', '1788871588789706429', '1788871630725552414']",0,5120,0.02093466176,1.97856485e-08,1.195455834e-07
5120,17408,1,2,4,8,196.709335,196.43200000000002,196.96534,"[196.43200000000002, 196.96534, 196.709335]","['1788871550044045479', '1788871588789706429', '1788871630725552414']",4237,5120,0.03068725746,2.656010363e-08,1.719879004e-07
5120,17408,1,2,4,16,145.58933000000002,145.46667000000002,146.101335,"[145.58933000000002, 146.101335, 145.46667000000002]","['1788871550044045479', '1788871588789706429', '1788871630725552414']",3879,5120,0.02287475746,2.244615074e-08,1.393363499e-07
5120,17408,1,2,4,32,148.112,147.840005,148.17067,"[148.112, 148.17067, 147.840005]","['1788871550044045479', '1788871588789706429', '1788871630725552414']",0,5120,0.02093466176,1.97856485e-08,1.195455834e-07
5120,17408,1,3,4,32,301.99467500000003,301.83466999999996,302.68802,"[301.83466999999996, 302.68802, 301.99467500000003]","['1788871550044045479', '1788871588789706429', '1788871630725552414']",0,5120,0.02093466176,1.97856485e-08,1.195455834e-07
5120,17408,1,4,4,8,308.528015,308.11199999999997,309.50399500000003,"[308.11199999999997, 309.50399500000003, 308.528015]","['1788871550044045479', '1788871588789706429', '1788871630725552414']",4319,5120,0.03496836586,3.198144796e-08,1.733031402e-07
5120,17408,1,4,4,32,155.818665,155.653325,156.40533,"[155.653325, 156.40533, 155.818665]","['1788871550044045479', '1788871588789706429', '1788871630725552414']",3924,5120,0.02201029526,1.97856485e-08,1.205050965e-07
5120,17408,1,5,1,32,1625.669375,1603.61066,1645.797365,"[1603.61066, 1645.797365, 1625.669375]","['1788871550044045479', '1788871588789706429', '1788871630725552414']",0,5120,0.02093466176,1.97856485e-08,1.195455834e-07
5120,17408,1,6,1,32,1402.3680399999998,1400.762695,1419.023985,"[1400.762695, 1419.023985, 1402.3680399999998]","['1788871550044045479', '1788871588789706429', '1788871630725552414']",0,5120,0.02093466176,1.97856485e-08,1.195455834e-07
5120,17408,1,7,1,32,313.781325,312.04268,314.21333000000004,"[313.781325, 314.21333000000004, 312.04268]","['1788871550044045479', '1788871588789706429', '1788871630725552414']",0,5120,0.02093466176,1.97856485e-08,1.195455834e-07
5120,17408,1,7,2,32,207.24799000000002,207.19466,207.61067,"[207.19466, 207.61067, 207.24799000000002]","['1788871550044045479', '1788871588789706429', '1788871630725552414']",0,5120,0.02093466176,1.97856485e-08,1.195455834e-07
5120,17408,1,7,4,32,151.242665,150.933335,151.39733,"[151.242665, 151.39733, 150.933335]","['1788871550044045479', '1788871588789706429', '1788871630725552414']",0,5120,0.02093466176,1.97856485e-08,1.195455834e-07
5120,17408,1,8,4,32,300.03200000000004,299.983995,302.362655,"[300.03200000000004, 302.362655, 299.983995]","['1788871550044045479', '1788871588789706429', '1788871630725552414']",0,5120,0.02093466176,1.97856485e-08,1.195455834e-07
5120,17408,1,9,4,32,156.62932999999998,156.22933,156.79466,"[156.22933, 156.79466, 156.62932999999998]","['1788871550044045479', '1788871588789706429', '1788871630725552414']",3924,5120,0.02201029526,1.97856485e-08,1.205050965e-07
5120,5120,4,0,1,32,1735.17871,1735.119995,1747.13599,"[1735.17871, 1735.119995, 1747.13599]","['1788871557065342929', '1788871582389873903', '1788871646326774066']",0,20480,0.009921371631,3.529814674e-08,1.013475131e-07
5120,5120,4,1,1,32,1491.477355,1491.39734,1496.88544,"[1491.39734, 1491.477355, 1496.88544]","['1788871557065342929', '1788871582389873903', '1788871646326774066']",0,20480,0.009921371631,3.529814674e-08,1.013475131e-07
5120,5120,4,2,1,32,301.034665,300.970675,301.13599999999997,"[301.13599999999997, 300.970675, 301.034665]","['1788871557065342929', '1788871582389873903', '1788871646326774066']",0,20480,0.009921371631,3.529814674e-08,1.013475131e-07
5120,5120,4,2,2,32,189.402665,189.376,189.70665,"[189.70665, 189.402665, 189.376]","['1788871557065342929', '1788871582389873903', '1788871646326774066']",0,20480,0.009921371631,3.529814674e-08,1.013475131e-07
5120,5120,4,2,4,8,124.15999500000001,124.07466,124.719995,"[124.15999500000001, 124.07466, 124.719995]","['1788871557065342929', '1788871582389873903', '1788871646326774066']",14705,20480,0.01441268589,4.490311997e-08,1.180431007e-07
5120,5120,4,2,4,16,131.04532999999998,130.32533,131.376,"[131.376, 130.32533, 131.04532999999998]","['1788871557065342929', '1788871582389873903', '1788871646326774066']",13420,20480,0.01240423773,4.430391051e-08,1.067854869e-07
5120,5120,4,2,4,32,134.890665,134.77334000000002,135.317335,"[134.77334000000002, 134.890665, 135.317335]","['1788871557065342929', '1788871582389873903', '1788871646326774066']",0,20480,0.009921371631,3.529814674e-08,1.013475131e-07
5120,5120,4,3,4,32,342.789335,341.35465999999997,343.78134,"[343.78134, 341.35465999999997, 342.789335]","['1788871557065342929', '1788871582389873903', '1788871646326774066']",0,20480,0.009921371631,3.529814674e-08,1.013475131e-07
5120,5120,4,4,4,8,142.15466500000002,141.322665,142.298665,"[142.15466500000002, 141.322665, 142.298665]","['1788871557065342929', '1788871582389873903', '1788871646326774066']",16111,20480,0.01279646328,4.490311997e-08,1.191032636e-07
5120,5120,4,4,4,32,143.578665,143.36533,143.75466999999998,"[143.578665, 143.36533, 143.75466999999998]","['1788871557065342929', '1788871582389873903', '1788871646326774066']",15497,20480,0.01066341363,3.14762624e-08,1.017899821e-07
5120,5120,4,5,1,32,1752.5173300000001,1752.27734,1769.866695,"[1769.866695, 1752.5173300000001, 1752.27734]","['1788871557065342929', '1788871582389873903', '1788871646326774066']",0,20480,0.009921371631,3.529814674e-08,1.013475131e-07
5120,5120,4,6,1,32,1484.1333,1484.01587,1484.81073,"[1484.81073, 1484.1333, 1484.01587]","['1788871557065342929', '1788871582389873903', '1788871646326774066']",0,20480,0.009921371631,3.529814674e-08,1.013475131e-07
5120,5120,4,7,1,32,303.67465000000004,303.514665,304.026655,"[304.026655, 303.514665, 303.67465000000004]","['1788871557065342929', '1788871582389873903', '1788871646326774066']",0,20480,0.009921371631,3.529814674e-08,1.013475131e-07
5120,5120,4,7,2,32,191.55733,191.13067,191.74933,"[191.55733, 191.13067, 191.74933]","['1788871557065342929', '1788871582389873903', '1788871646326774066']",0,20480,0.009921371631,3.529814674e-08,1.013475131e-07
5120,5120,4,7,4,32,137.81867,137.584,137.90933,"[137.90933, 137.584, 137.81867]","['1788871557065342929', '1788871582389873903', '1788871646326774066']",0,20480,0.009921371631,3.529814674e-08,1.013475131e-07
5120,5120,4,8,4,32,340.010665,339.962645,340.77869,"[339.962645, 340.77869, 340.010665]","['1788871557065342929', '1788871582389873903', '1788871646326774066']",0,20480,0.009921371631,3.529814674e-08,1.013475131e-07
5120,5120,4,9,4,32,144.74667499999998,144.554665,145.066675,"[145.066675, 144.74667499999998, 144.554665]","['1788871557065342929', '1788871582389873903', '1788871646326774066']",15497,20480,0.01066341363,3.14762624e-08,1.017899821e-07
