2026/09/08 20:15:13.478, GPU-ecc6a1f9-42fe-2932-7ea0-1dd285491b7b, 5, 0, 405, 36, 27.31
2026/09/08 20:15:13.682, GPU-ecc6a1f9-42fe-2932-7ea0-1dd285491b7b, 7, 0, 405, 36, 27.31
2026/09/08 20:15:13.885, GPU-ecc6a1f9-42fe-2932-7ea0-1dd285491b7b, 15, 0, 405, 36, 27.31
2026/09/08 20:15:14.107, GPU-ecc6a1f9-42fe-2932-7ea0-1dd285491b7b, 363, 3, 1189, 36, 34.37
2026/09/08 20:15:14.311, GPU-ecc6a1f9-42fe-2932-7ea0-1dd285491b7b, 363, 83, 1316, 38, 182.41
2026/09/08 20:15:14.514, GPU-ecc6a1f9-42fe-2932-7ea0-1dd285491b7b, 363, 99, 1328, 39, 200.79
2026/09/08 20:15:14.717, GPU-ecc6a1f9-42fe-2932-7ea0-1dd285491b7b, 363, 99, 1328, 40, 203.23
2026/09/08 20:15:14.921, GPU-ecc6a1f9-42fe-2932-7ea0-1dd285491b7b, 363, 99, 1328, 41, 208.41
2026/09/08 20:15:15.124, GPU-ecc6a1f9-42fe-2932-7ea0-1dd285491b7b, 363, 99, 1328, 41, 213.54
2026/09/08 20:15:15.330, GPU-ecc6a1f9-42fe-2932-7ea0-1dd285491b7b, 363, 99, 1328, 41, 211.41
2026/09/08 20:15:15.534, GPU-ecc6a1f9-42fe-2932-7ea0-1dd285491b7b, 5, 72, 1328, 40, 42.44
2026/09/08 20:15:15.737, GPU-ecc6a1f9-42fe-2932-7ea0-1dd285491b7b, 5, 5, 1328, 39, 41.19
2026/09/08 20:15:15.941, GPU-ecc6a1f9-42fe-2932-7ea0-1dd285491b7b, 15, 0, 1328, 38, 40.94
2026/09/08 20:15:16.150, GPU-ecc6a1f9-42fe-2932-7ea0-1dd285491b7b, 363, 5, 1328, 38, 42.16
2026/09/08 20:15:16.354, GPU-ecc6a1f9-42fe-2932-7ea0-1dd285491b7b, 363, 17, 1328, 39, 211.60
2026/09/08 20:15:16.557, GPU-ecc6a1f9-42fe-2932-7ea0-1dd285491b7b, 363, 99, 1328, 41, 214.78
2026/09/08 20:15:16.761, GPU-ecc6a1f9-42fe-2932-7ea0-1dd285491b7b, 363, 99, 1328, 41, 208.97
2026/09/08 20:15:16.964, GPU-ecc6a1f9-42fe-2932-7ea0-1dd285491b7b, 363, 99, 1328, 42, 212.62
2026/09/08 20:15:17.170, GPU-ecc6a1f9-42fe-2932-7ea0-1dd285491b7b, 363, 99, 1328, 43, 220.01
2026/09/08 20:15:17.373, GPU-ecc6a1f9-42fe-2932-7ea0-1dd285491b7b, 363, 99, 1328, 43, 216.08
2026/09/08 20:15:17.577, GPU-ecc6a1f9-42fe-2932-7ea0-1dd285491b7b, 265, 99, 1328, 42, 44.87
2026/09/08 20:15:17.780, GPU-ecc6a1f9-42fe-2932-7ea0-1dd285491b7b, 5, 41, 1328, 40, 41.68
2026/09/08 20:15:17.983, GPU-ecc6a1f9-42fe-2932-7ea0-1dd285491b7b, 7, 0, 1328, 40, 41.19
2026/09/08 20:15:18.189, GPU-ecc6a1f9-42fe-2932-7ea0-1dd285491b7b, 15, 0, 1328, 39, 40.94
2026/09/08 20:15:18.411, GPU-ecc6a1f9-42fe-2932-7ea0-1dd285491b7b, 363, 5, 1328, 39, 42.40
2026/09/08 20:15:18.614, GPU-ecc6a1f9-42fe-2932-7ea0-1dd285491b7b, 363, 17, 1328, 41, 215.13
2026/09/08 20:15:18.818, GPU-ecc6a1f9-42fe-2932-7ea0-1dd285491b7b, 363, 99, 1328, 42, 211.76
2026/09/08 20:15:19.021, GPU-ecc6a1f9-42fe-2932-7ea0-1dd285491b7b, 363, 99, 1328, 43, 212.47
2026/09/08 20:15:19.225, GPU-ecc6a1f9-42fe-2932-7ea0-1dd285491b7b, 363, 99, 1328, 43, 213.96
2026/09/08 20:15:19.429, GPU-ecc6a1f9-42fe-2932-7ea0-1dd285491b7b, 363, 99, 1328, 43, 210.93
2026/09/08 20:15:19.632, GPU-ecc6a1f9-42fe-2932-7ea0-1dd285491b7b, 363, 99, 1328, 44, 219.12
2026/09/08 20:15:19.836, GPU-ecc6a1f9-42fe-2932-7ea0-1dd285491b7b, 5, 44, 1328, 42, 42.67
2026/09/08 20:15:20.039, GPU-ecc6a1f9-42fe-2932-7ea0-1dd285491b7b, 5, 0, 1328, 40, 41.68
2026/09/08 20:15:20.243, GPU-ecc6a1f9-42fe-2932-7ea0-1dd285491b7b, 15, 0, 1328, 40, 41.19
2026/09/08 20:15:20.522, GPU-ecc6a1f9-42fe-2932-7ea0-1dd285491b7b, 363, 8, 1328, 40, 43.11
2026/09/08 20:15:20.726, GPU-ecc6a1f9-42fe-2932-7ea0-1dd285491b7b, 363, 66, 1328, 42, 218.36
2026/09/08 20:15:20.931, GPU-ecc6a1f9-42fe-2932-7ea0-1dd285491b7b, 363, 99, 1328, 43, 210.31
2026/09/08 20:15:21.134, GPU-ecc6a1f9-42fe-2932-7ea0-1dd285491b7b, 363, 99, 1328, 44, 217.82
2026/09/08 20:15:21.338, GPU-ecc6a1f9-42fe-2932-7ea0-1dd285491b7b, 363, 99, 1328, 44, 225.65
2026/09/08 20:15:21.541, GPU-ecc6a1f9-42fe-2932-7ea0-1dd285491b7b, 363, 99, 1328, 44, 210.56
2026/09/08 20:15:21.744, GPU-ecc6a1f9-42fe-2932-7ea0-1dd285491b7b, 363, 99, 1328, 45, 219.47
2026/09/08 20:15:21.948, GPU-ecc6a1f9-42fe-2932-7ea0-1dd285491b7b, 5, 92, 1328, 42, 42.89
2026/09/08 20:15:22.153, GPU-ecc6a1f9-42fe-2932-7ea0-1dd285491b7b, 5, 0, 1328, 41, 42.16
2026/09/08 20:15:22.357, GPU-ecc6a1f9-42fe-2932-7ea0-1dd285491b7b, 15, 0, 1328, 41, 41.43
2026/09/08 20:15:22.636, GPU-ecc6a1f9-42fe-2932-7ea0-1dd285491b7b, 363, 3, 1328, 40, 42.63
2026/09/08 20:15:22.840, GPU-ecc6a1f9-42fe-2932-7ea0-1dd285491b7b, 363, 84, 1328, 42, 213.32
2026/09/08 20:15:23.043, GPU-ecc6a1f9-42fe-2932-7ea0-1dd285491b7b, 363, 99, 1328, 43, 216.33
2026/09/08 20:15:23.247, GPU-ecc6a1f9-42fe-2932-7ea0-1dd285491b7b, 363, 99, 1328, 44, 217.95
2026/09/08 20:15:23.450, GPU-ecc6a1f9-42fe-2932-7ea0-1dd285491b7b, 363, 99, 1328, 45, 213.44
2026/09/08 20:15:23.653, GPU-ecc6a1f9-42fe-2932-7ea0-1dd285491b7b, 363, 99, 1328, 45, 219.87
2026/09/08 20:15:23.858, GPU-ecc6a1f9-42fe-2932-7ea0-1dd285491b7b, 363, 99, 1328, 45, 202.00
2026/09/08 20:15:24.062, GPU-ecc6a1f9-42fe-2932-7ea0-1dd285491b7b, 5, 63, 1328, 43, 41.44
2026/09/08 20:15:24.265, GPU-ecc6a1f9-42fe-2932-7ea0-1dd285491b7b, 5, 5, 1328, 42, 40.46
2026/09/08 20:15:24.469, GPU-ecc6a1f9-42fe-2932-7ea0-1dd285491b7b, 15, 0, 1328, 41, 39.97
2026/09/08 20:15:24.741, GPU-ecc6a1f9-42fe-2932-7ea0-1dd285491b7b, 363, 5, 1328, 41, 40.46
2026/09/08 20:15:24.944, GPU-ecc6a1f9-42fe-2932-7ea0-1dd285491b7b, 363, 34, 1328, 43, 211.03
2026/09/08 20:15:25.148, GPU-ecc6a1f9-42fe-2932-7ea0-1dd285491b7b, 363, 99, 1328, 44, 218.21
2026/09/08 20:15:25.351, GPU-ecc6a1f9-42fe-2932-7ea0-1dd285491b7b, 363, 99, 1328, 44, 215.96
2026/09/08 20:15:25.555, GPU-ecc6a1f9-42fe-2932-7ea0-1dd285491b7b, 363, 99, 1328, 45, 212.34
2026/09/08 20:15:25.760, GPU-ecc6a1f9-42fe-2932-7ea0-1dd285491b7b, 363, 99, 1328, 45, 218.85
2026/09/08 20:15:25.964, GPU-ecc6a1f9-42fe-2932-7ea0-1dd285491b7b, 363, 99, 1328, 46, 210.91
2026/09/08 20:15:26.167, GPU-ecc6a1f9-42fe-2932-7ea0-1dd285491b7b, 5, 26, 1328, 43, 43.38
2026/09/08 20:15:26.375, GPU-ecc6a1f9-42fe-2932-7ea0-1dd285491b7b, 5, 0, 1328, 42, 41.92
2026/09/08 20:15:26.580, GPU-ecc6a1f9-42fe-2932-7ea0-1dd285491b7b, 7, 0, 1328, 42, 41.43
2026/09/08 20:15:26.783, GPU-ecc6a1f9-42fe-2932-7ea0-1dd285491b7b, 375, 0, 1328, 41, 85.53
2026/09/08 20:15:26.987, GPU-ecc6a1f9-42fe-2932-7ea0-1dd285491b7b, 375, 8, 1328, 41, 139.26
2026/09/08 20:15:27.190, GPU-ecc6a1f9-42fe-2932-7ea0-1dd285491b7b, 375, 100, 1328, 43, 168.05
2026/09/08 20:15:27.393, GPU-ecc6a1f9-42fe-2932-7ea0-1dd285491b7b, 375, 100, 1328, 44, 178.05
2026/09/08 20:15:27.599, GPU-ecc6a1f9-42fe-2932-7ea0-1dd285491b7b, 375, 100, 1328, 45, 231.27
2026/09/08 20:15:27.802, GPU-ecc6a1f9-42fe-2932-7ea0-1dd285491b7b, 375, 100, 1328, 46, 239.19
2026/09/08 20:15:28.006, GPU-ecc6a1f9-42fe-2932-7ea0-1dd285491b7b, 375, 100, 1328, 46, 231.99
2026/09/08 20:15:28.209, GPU-ecc6a1f9-42fe-2932-7ea0-1dd285491b7b, 375, 100, 1328, 46, 198.16
2026/09/08 20:15:28.413, GPU-ecc6a1f9-42fe-2932-7ea0-1dd285491b7b, 375, 100, 1328, 46, 186.43
2026/09/08 20:15:28.618, GPU-ecc6a1f9-42fe-2932-7ea0-1dd285491b7b, 375, 100, 1328, 46, 178.81
2026/09/08 20:15:28.822, GPU-ecc6a1f9-42fe-2932-7ea0-1dd285491b7b, 375, 100, 1328, 46, 177.48
2026/09/08 20:15:29.026, GPU-ecc6a1f9-42fe-2932-7ea0-1dd285491b7b, 375, 100, 1328, 47, 179.90
2026/09/08 20:15:29.229, GPU-ecc6a1f9-42fe-2932-7ea0-1dd285491b7b, 375, 100, 1328, 47, 233.43
2026/09/08 20:15:29.432, GPU-ecc6a1f9-42fe-2932-7ea0-1dd285491b7b, 5, 100, 1328, 45, 43.87
2026/09/08 20:15:29.653, GPU-ecc6a1f9-42fe-2932-7ea0-1dd285491b7b, 5, 6, 1328, 44, 42.65
2026/09/08 20:15:29.858, GPU-ecc6a1f9-42fe-2932-7ea0-1dd285491b7b, 7, 0, 1328, 43, 41.92
2026/09/08 20:15:30.061, GPU-ecc6a1f9-42fe-2932-7ea0-1dd285491b7b, 25, 0, 1328, 42, 41.43
2026/09/08 20:15:30.265, GPU-ecc6a1f9-42fe-2932-7ea0-1dd285491b7b, 375, 8, 1328, 42, 42.87
2026/09/08 20:15:30.469, GPU-ecc6a1f9-42fe-2932-7ea0-1dd285491b7b, 375, 27, 1328, 44, 224.28
2026/09/08 20:15:30.672, GPU-ecc6a1f9-42fe-2932-7ea0-1dd285491b7b, 375, 100, 1328, 45, 198.84
2026/09/08 20:15:30.877, GPU-ecc6a1f9-42fe-2932-7ea0-1dd285491b7b, 375, 100, 1328, 46, 188.00
2026/09/08 20:15:31.081, GPU-ecc6a1f9-42fe-2932-7ea0-1dd285491b7b, 375, 100, 1328, 46, 182.86
2026/09/08 20:15:31.284, GPU-ecc6a1f9-42fe-2932-7ea0-1dd285491b7b, 375, 100, 1328, 46, 219.36
2026/09/08 20:15:31.487, GPU-ecc6a1f9-42fe-2932-7ea0-1dd285491b7b, 375, 100, 1328, 47, 220.53
2026/09/08 20:15:31.691, GPU-ecc6a1f9-42fe-2932-7ea0-1dd285491b7b, 375, 100, 1328, 47, 220.20
2026/09/08 20:15:31.896, GPU-ecc6a1f9-42fe-2932-7ea0-1dd285491b7b, 375, 99, 1328, 47, 243.65
2026/09/08 20:15:32.100, GPU-ecc6a1f9-42fe-2932-7ea0-1dd285491b7b, 375, 100, 1328, 48, 231.75
2026/09/08 20:15:32.303, GPU-ecc6a1f9-42fe-2932-7ea0-1dd285491b7b, 375, 100, 1328, 48, 197.06
2026/09/08 20:15:32.507, GPU-ecc6a1f9-42fe-2932-7ea0-1dd285491b7b, 375, 100, 1328, 48, 191.96
2026/09/08 20:15:32.710, GPU-ecc6a1f9-42fe-2932-7ea0-1dd285491b7b, 265, 100, 1328, 47, 67.91
2026/09/08 20:15:32.916, GPU-ecc6a1f9-42fe-2932-7ea0-1dd285491b7b, 5, 17, 1328, 45, 43.13
2026/09/08 20:15:33.119, GPU-ecc6a1f9-42fe-2932-7ea0-1dd285491b7b, 5, 0, 1328, 44, 42.16
2026/09/08 20:15:33.324, GPU-ecc6a1f9-42fe-2932-7ea0-1dd285491b7b, 15, 0, 1328, 43, 41.68
2026/09/08 20:15:33.583, GPU-ecc6a1f9-42fe-2932-7ea0-1dd285491b7b, 375, 9, 1328, 43, 42.63
2026/09/08 20:15:33.787, GPU-ecc6a1f9-42fe-2932-7ea0-1dd285491b7b, 375, 32, 1328, 45, 213.10
2026/09/08 20:15:33.991, GPU-ecc6a1f9-42fe-2932-7ea0-1dd285491b7b, 375, 100, 1328, 46, 240.54
2026/09/08 20:15:34.195, GPU-ecc6a1f9-42fe-2932-7ea0-1dd285491b7b, 375, 100, 1328, 47, 233.55
2026/09/08 20:15:34.399, GPU-ecc6a1f9-42fe-2932-7ea0-1dd285491b7b, 375, 100, 1328, 47, 184.13
2026/09/08 20:15:34.602, GPU-ecc6a1f9-42fe-2932-7ea0-1dd285491b7b, 375, 100, 1328, 48, 181.80
2026/09/08 20:15:34.806, GPU-ecc6a1f9-42fe-2932-7ea0-1dd285491b7b, 375, 100, 1328, 48, 181.59
2026/09/08 20:15:35.009, GPU-ecc6a1f9-42fe-2932-7ea0-1dd285491b7b, 375, 100, 1328, 48, 225.50
2026/09/08 20:15:35.215, GPU-ecc6a1f9-42fe-2932-7ea0-1dd285491b7b, 375, 98, 1328, 48, 232.80
2026/09/08 20:15:35.418, GPU-ecc6a1f9-42fe-2932-7ea0-1dd285491b7b, 375, 100, 1328, 48, 238.01
2026/09/08 20:15:35.621, GPU-ecc6a1f9-42fe-2932-7ea0-1dd285491b7b, 375, 100, 1328, 49, 240.18
2026/09/08 20:15:35.825, GPU-ecc6a1f9-42fe-2932-7ea0-1dd285491b7b, 375, 100, 1328, 49, 227.56
2026/09/08 20:15:36.029, GPU-ecc6a1f9-42fe-2932-7ea0-1dd285491b7b, 341, 100, 1328, 49, 141.39
2026/09/08 20:15:36.234, GPU-ecc6a1f9-42fe-2932-7ea0-1dd285491b7b, 5, 14, 1328, 46, 43.38
2026/09/08 20:15:36.438, GPU-ecc6a1f9-42fe-2932-7ea0-1dd285491b7b, 5, 0, 1328, 45, 42.89
2026/09/08 20:15:36.642, GPU-ecc6a1f9-42fe-2932-7ea0-1dd285491b7b, 7, 0, 1328, 45, 42.16
2026/09/08 20:15:36.845, GPU-ecc6a1f9-42fe-2932-7ea0-1dd285491b7b, 15, 0, 1328, 44, 41.92
2026/09/08 20:15:37.159, GPU-ecc6a1f9-42fe-2932-7ea0-1dd285491b7b, 375, 6, 1328, 44, 41.92
2026/09/08 20:15:37.362, GPU-ecc6a1f9-42fe-2932-7ea0-1dd285491b7b, 375, 57, 1328, 45, 221.15
2026/09/08 20:15:37.566, GPU-ecc6a1f9-42fe-2932-7ea0-1dd285491b7b, 375, 100, 1328, 47, 216.23
2026/09/08 20:15:37.769, GPU-ecc6a1f9-42fe-2932-7ea0-1dd285491b7b, 375, 100, 1328, 47, 238.57
2026/09/08 20:15:37.973, GPU-ecc6a1f9-42fe-2932-7ea0-1dd285491b7b, 375, 100, 1328, 48, 233.79
2026/09/08 20:15:38.178, GPU-ecc6a1f9-42fe-2932-7ea0-1dd285491b7b, 375, 100, 1328, 49, 223.18
2026/09/08 20:15:38.381, GPU-ecc6a1f9-42fe-2932-7ea0-1dd285491b7b, 375, 100, 1328, 49, 222.74
2026/09/08 20:15:38.585, GPU-ecc6a1f9-42fe-2932-7ea0-1dd285491b7b, 375, 100, 1328, 49, 197.89
2026/09/08 20:15:38.788, GPU-ecc6a1f9-42fe-2932-7ea0-1dd285491b7b, 375, 100, 1328, 49, 215.13
2026/09/08 20:15:38.993, GPU-ecc6a1f9-42fe-2932-7ea0-1dd285491b7b, 375, 100, 1328, 49, 230.45
2026/09/08 20:15:39.196, GPU-ecc6a1f9-42fe-2932-7ea0-1dd285491b7b, 375, 100, 1328, 50, 232.95
2026/09/08 20:15:39.400, GPU-ecc6a1f9-42fe-2932-7ea0-1dd285491b7b, 375, 100, 1328, 50, 235.48
2026/09/08 20:15:39.603, GPU-ecc6a1f9-42fe-2932-7ea0-1dd285491b7b, 265, 100, 1328, 50, 112.68
2026/09/08 20:15:39.806, GPU-ecc6a1f9-42fe-2932-7ea0-1dd285491b7b, 5, 40, 1328, 47, 42.16
2026/09/08 20:15:40.010, GPU-ecc6a1f9-42fe-2932-7ea0-1dd285491b7b, 5, 5, 1328, 46, 41.19
2026/09/08 20:15:40.214, GPU-ecc6a1f9-42fe-2932-7ea0-1dd285491b7b, 7, 0, 1328, 46, 40.94
2026/09/08 20:15:40.419, GPU-ecc6a1f9-42fe-2932-7ea0-1dd285491b7b, 15, 0, 1328, 45, 40.46
2026/09/08 20:15:40.805, GPU-ecc6a1f9-42fe-2932-7ea0-1dd285491b7b, 375, 9, 1328, 45, 40.46
2026/09/08 20:15:41.008, GPU-ecc6a1f9-42fe-2932-7ea0-1dd285491b7b, 375, 10, 1328, 46, 199.46
2026/09/08 20:15:41.212, GPU-ecc6a1f9-42fe-2932-7ea0-1dd285491b7b, 375, 78, 1328, 47, 197.42
2026/09/08 20:15:41.416, GPU-ecc6a1f9-42fe-2932-7ea0-1dd285491b7b, 375, 100, 1328, 48, 231.47
2026/09/08 20:15:41.619, GPU-ecc6a1f9-42fe-2932-7ea0-1dd285491b7b, 375, 100, 1328, 49, 246.06
2026/09/08 20:15:41.823, GPU-ecc6a1f9-42fe-2932-7ea0-1dd285491b7b, 375, 100, 1328, 50, 217.20
2026/09/08 20:15:42.026, GPU-ecc6a1f9-42fe-2932-7ea0-1dd285491b7b, 375, 100, 1328, 50, 219.57
2026/09/08 20:15:42.230, GPU-ecc6a1f9-42fe-2932-7ea0-1dd285491b7b, 375, 100, 1328, 50, 191.99
2026/09/08 20:15:42.433, GPU-ecc6a1f9-42fe-2932-7ea0-1dd285491b7b, 375, 100, 1328, 50, 186.29
2026/09/08 20:15:42.637, GPU-ecc6a1f9-42fe-2932-7ea0-1dd285491b7b, 375, 100, 1328, 50, 223.46
2026/09/08 20:15:42.843, GPU-ecc6a1f9-42fe-2932-7ea0-1dd285491b7b, 375, 100, 1328, 51, 234.49
2026/09/08 20:15:43.047, GPU-ecc6a1f9-42fe-2932-7ea0-1dd285491b7b, 375, 100, 1328, 51, 243.15
2026/09/08 20:15:43.250, GPU-ecc6a1f9-42fe-2932-7ea0-1dd285491b7b, 373, 99, 1328, 51, 201.29
2026/09/08 20:15:43.454, GPU-ecc6a1f9-42fe-2932-7ea0-1dd285491b7b, 5, 17, 1328, 48, 44.35
2026/09/08 20:15:43.657, GPU-ecc6a1f9-42fe-2932-7ea0-1dd285491b7b, 5, 0, 1328, 47, 43.38
2026/09/08 20:15:43.863, GPU-ecc6a1f9-42fe-2932-7ea0-1dd285491b7b, 15, 0, 1328, 46, 42.89
2026/09/08 20:15:44.187, GPU-ecc6a1f9-42fe-2932-7ea0-1dd285491b7b, 375, 7, 1328, 46, 42.65
2026/09/08 20:15:44.391, GPU-ecc6a1f9-42fe-2932-7ea0-1dd285491b7b, 375, 11, 1328, 47, 226.60
2026/09/08 20:15:44.594, GPU-ecc6a1f9-42fe-2932-7ea0-1dd285491b7b, 375, 100, 1328, 48, 226.69
2026/09/08 20:15:44.798, GPU-ecc6a1f9-42fe-2932-7ea0-1dd285491b7b, 375, 100, 1328, 49, 246.54
2026/09/08 20:15:45.003, GPU-ecc6a1f9-42fe-2932-7ea0-1dd285491b7b, 375, 100, 1328, 50, 222.02
2026/09/08 20:15:45.207, GPU-ecc6a1f9-42fe-2932-7ea0-1dd285491b7b, 375, 100, 1328, 50, 220.22
2026/09/08 20:15:45.410, GPU-ecc6a1f9-42fe-2932-7ea0-1dd285491b7b, 375, 100, 1328, 51, 225.50
2026/09/08 20:15:45.613, GPU-ecc6a1f9-42fe-2932-7ea0-1dd285491b7b, 375, 100, 1328, 51, 206.10
2026/09/08 20:15:45.817, GPU-ecc6a1f9-42fe-2932-7ea0-1dd285491b7b, 375, 99, 1328, 51, 231.14
2026/09/08 20:15:46.023, GPU-ecc6a1f9-42fe-2932-7ea0-1dd285491b7b, 375, 100, 1328, 51, 239.74
2026/09/08 20:15:46.226, GPU-ecc6a1f9-42fe-2932-7ea0-1dd285491b7b, 375, 100, 1328, 51, 226.21
2026/09/08 20:15:46.430, GPU-ecc6a1f9-42fe-2932-7ea0-1dd285491b7b, 375, 100, 1328, 52, 227.04
2026/09/08 20:15:46.633, GPU-ecc6a1f9-42fe-2932-7ea0-1dd285491b7b, 265, 100, 1328, 52, 69.38
2026/09/08 20:15:46.837, GPU-ecc6a1f9-42fe-2932-7ea0-1dd285491b7b, 5, 27, 1328, 49, 44.35
2026/09/08 20:15:47.042, GPU-ecc6a1f9-42fe-2932-7ea0-1dd285491b7b, 5, 0, 1328, 48, 43.38
2026/09/08 20:15:47.246, GPU-ecc6a1f9-42fe-2932-7ea0-1dd285491b7b, 7, 0, 1328, 47, 43.13
2026/09/08 20:15:47.449, GPU-ecc6a1f9-42fe-2932-7ea0-1dd285491b7b, 15, 0, 1328, 47, 42.89
2026/09/08 20:15:47.706, GPU-ecc6a1f9-42fe-2932-7ea0-1dd285491b7b, 455, 5, 1328, 47, 47.50
2026/09/08 20:15:47.910, GPU-ecc6a1f9-42fe-2932-7ea0-1dd285491b7b, 455, 15, 1328, 47, 100.96
2026/09/08 20:15:48.113, GPU-ecc6a1f9-42fe-2932-7ea0-1dd285491b7b, 455, 76, 1328, 49, 212.01
2026/09/08 20:15:48.317, GPU-ecc6a1f9-42fe-2932-7ea0-1dd285491b7b, 455, 100, 1328, 50, 216.36
2026/09/08 20:15:48.522, GPU-ecc6a1f9-42fe-2932-7ea0-1dd285491b7b, 455, 100, 1316, 50, 194.65
2026/09/08 20:15:48.725, GPU-ecc6a1f9-42fe-2932-7ea0-1dd285491b7b, 455, 100, 1328, 50, 199.70
2026/09/08 20:15:48.929, GPU-ecc6a1f9-42fe-2932-7ea0-1dd285491b7b, 455, 100, 1328, 51, 216.58
2026/09/08 20:15:49.132, GPU-ecc6a1f9-42fe-2932-7ea0-1dd285491b7b, 455, 100, 1328, 51, 200.19
2026/09/08 20:15:49.336, GPU-ecc6a1f9-42fe-2932-7ea0-1dd285491b7b, 455, 100, 1328, 51, 200.43
2026/09/08 20:15:49.541, GPU-ecc6a1f9-42fe-2932-7ea0-1dd285491b7b, 455, 100, 1328, 51, 219.12
2026/09/08 20:15:49.744, GPU-ecc6a1f9-42fe-2932-7ea0-1dd285491b7b, 455, 100, 1328, 52, 240.18
2026/09/08 20:15:49.948, GPU-ecc6a1f9-42fe-2932-7ea0-1dd285491b7b, 455, 100, 1328, 52, 203.57
2026/09/08 20:15:50.151, GPU-ecc6a1f9-42fe-2932-7ea0-1dd285491b7b, 455, 100, 1328, 52, 219.23
2026/09/08 20:15:50.355, GPU-ecc6a1f9-42fe-2932-7ea0-1dd285491b7b, 455, 100, 1316, 52, 206.71
2026/09/08 20:15:50.560, GPU-ecc6a1f9-42fe-2932-7ea0-1dd285491b7b, 455, 100, 1328, 52, 200.43
2026/09/08 20:15:50.764, GPU-ecc6a1f9-42fe-2932-7ea0-1dd285491b7b, 455, 100, 1328, 52, 220.22
2026/09/08 20:15:50.967, GPU-ecc6a1f9-42fe-2932-7ea0-1dd285491b7b, 455, 100, 1316, 53, 194.04
2026/09/08 20:15:51.170, GPU-ecc6a1f9-42fe-2932-7ea0-1dd285491b7b, 455, 100, 1328, 52, 204.90
2026/09/08 20:15:51.374, GPU-ecc6a1f9-42fe-2932-7ea0-1dd285491b7b, 455, 100, 1328, 53, 218.27
2026/09/08 20:15:51.577, GPU-ecc6a1f9-42fe-2932-7ea0-1dd285491b7b, 455, 100, 1316, 53, 191.62
2026/09/08 20:15:51.782, GPU-ecc6a1f9-42fe-2932-7ea0-1dd285491b7b, 455, 100, 1328, 53, 202.36
2026/09/08 20:15:51.985, GPU-ecc6a1f9-42fe-2932-7ea0-1dd285491b7b, 455, 100, 1328, 53, 210.21
2026/09/08 20:15:52.189, GPU-ecc6a1f9-42fe-2932-7ea0-1dd285491b7b, 455, 100, 1316, 53, 200.19
2026/09/08 20:15:52.392, GPU-ecc6a1f9-42fe-2932-7ea0-1dd285491b7b, 455, 100, 1328, 53, 198.50
2026/09/08 20:15:52.596, GPU-ecc6a1f9-42fe-2932-7ea0-1dd285491b7b, 455, 100, 1328, 53, 215.74
2026/09/08 20:15:52.799, GPU-ecc6a1f9-42fe-2932-7ea0-1dd285491b7b, 455, 100, 1316, 54, 227.78
2026/09/08 20:15:53.004, GPU-ecc6a1f9-42fe-2932-7ea0-1dd285491b7b, 455, 100, 1328, 53, 198.74
2026/09/08 20:15:53.207, GPU-ecc6a1f9-42fe-2932-7ea0-1dd285491b7b, 455, 100, 1328, 53, 217.06
2026/09/08 20:15:53.411, GPU-ecc6a1f9-42fe-2932-7ea0-1dd285491b7b, 455, 100, 1316, 54, 226.82
2026/09/08 20:15:53.614, GPU-ecc6a1f9-42fe-2932-7ea0-1dd285491b7b, 455, 100, 1328, 53, 195.36
2026/09/08 20:15:53.818, GPU-ecc6a1f9-42fe-2932-7ea0-1dd285491b7b, 455, 100, 1328, 54, 214.17
2026/09/08 20:15:54.023, GPU-ecc6a1f9-42fe-2932-7ea0-1dd285491b7b, 455, 100, 1316, 54, 238.59
2026/09/08 20:15:54.230, GPU-ecc6a1f9-42fe-2932-7ea0-1dd285491b7b, 455, 100, 1316, 54, 195.12
2026/09/08 20:15:54.434, GPU-ecc6a1f9-42fe-2932-7ea0-1dd285491b7b, 455, 100, 1328, 54, 215.86
2026/09/08 20:15:54.637, GPU-ecc6a1f9-42fe-2932-7ea0-1dd285491b7b, 455, 100, 1328, 54, 214.41
2026/09/08 20:15:54.843, GPU-ecc6a1f9-42fe-2932-7ea0-1dd285491b7b, 455, 100, 1328, 54, 205.14
2026/09/08 20:15:55.046, GPU-ecc6a1f9-42fe-2932-7ea0-1dd285491b7b, 455, 100, 1328, 54, 215.86
2026/09/08 20:15:55.250, GPU-ecc6a1f9-42fe-2932-7ea0-1dd285491b7b, 455, 100, 1328, 54, 236.08
2026/09/08 20:15:55.453, GPU-ecc6a1f9-42fe-2932-7ea0-1dd285491b7b, 455, 100, 1328, 54, 193.44
2026/09/08 20:15:55.657, GPU-ecc6a1f9-42fe-2932-7ea0-1dd285491b7b, 455, 100, 1328, 54, 215.13
2026/09/08 20:15:55.860, GPU-ecc6a1f9-42fe-2932-7ea0-1dd285491b7b, 455, 100, 1328, 54, 245.09
2026/09/08 20:15:56.064, GPU-ecc6a1f9-42fe-2932-7ea0-1dd285491b7b, 455, 100, 1316, 54, 195.62
2026/09/08 20:15:56.268, GPU-ecc6a1f9-42fe-2932-7ea0-1dd285491b7b, 5, 81, 1328, 52, 43.87
2026/09/08 20:15:56.471, GPU-ecc6a1f9-42fe-2932-7ea0-1dd285491b7b, 5, 0, 1328, 51, 43.14
2026/09/08 20:15:56.675, GPU-ecc6a1f9-42fe-2932-7ea0-1dd285491b7b, 7, 0, 1328, 50, 42.40
2026/09/08 20:15:56.878, GPU-ecc6a1f9-42fe-2932-7ea0-1dd285491b7b, 15, 0, 1328, 50, 42.16
2026/09/08 20:15:57.106, GPU-ecc6a1f9-42fe-2932-7ea0-1dd285491b7b, 455, 1, 1328, 50, 49.45
2026/09/08 20:15:57.310, GPU-ecc6a1f9-42fe-2932-7ea0-1dd285491b7b, 455, 14, 1328, 50, 137.81
2026/09/08 20:15:57.514, GPU-ecc6a1f9-42fe-2932-7ea0-1dd285491b7b, 455, 60, 1328, 51, 196.08
2026/09/08 20:15:57.717, GPU-ecc6a1f9-42fe-2932-7ea0-1dd285491b7b, 455, 90, 1328, 52, 204.88
2026/09/08 20:15:57.923, GPU-ecc6a1f9-42fe-2932-7ea0-1dd285491b7b, 455, 100, 1316, 53, 229.21
2026/09/08 20:15:58.129, GPU-ecc6a1f9-42fe-2932-7ea0-1dd285491b7b, 455, 100, 1328, 53, 196.57
2026/09/08 20:15:58.333, GPU-ecc6a1f9-42fe-2932-7ea0-1dd285491b7b, 455, 100, 1328, 53, 213.20
2026/09/08 20:15:58.536, GPU-ecc6a1f9-42fe-2932-7ea0-1dd285491b7b, 455, 99, 1328, 54, 210.67
2026/09/08 20:15:58.740, GPU-ecc6a1f9-42fe-2932-7ea0-1dd285491b7b, 455, 100, 1328, 54, 204.05
2026/09/08 20:15:58.943, GPU-ecc6a1f9-42fe-2932-7ea0-1dd285491b7b, 455, 100, 1328, 54, 216.22
2026/09/08 20:15:59.148, GPU-ecc6a1f9-42fe-2932-7ea0-1dd285491b7b, 455, 100, 1316, 54, 242.18
2026/09/08 20:15:59.356, GPU-ecc6a1f9-42fe-2932-7ea0-1dd285491b7b, 455, 100, 1328, 54, 199.96
2026/09/08 20:15:59.560, GPU-ecc6a1f9-42fe-2932-7ea0-1dd285491b7b, 455, 100, 1328, 55, 214.65
2026/09/08 20:15:59.763, GPU-ecc6a1f9-42fe-2932-7ea0-1dd285491b7b, 455, 100, 1316, 55, 236.56
2026/09/08 20:15:59.968, GPU-ecc6a1f9-42fe-2932-7ea0-1dd285491b7b, 455, 100, 1328, 55, 198.98
2026/09/08 20:16:00.172, GPU-ecc6a1f9-42fe-2932-7ea0-1dd285491b7b, 455, 100, 1328, 55, 217.79
2026/09/08 20:16:00.375, GPU-ecc6a1f9-42fe-2932-7ea0-1dd285491b7b, 455, 100, 1316, 55, 226.82
2026/09/08 20:16:00.593, GPU-ecc6a1f9-42fe-2932-7ea0-1dd285491b7b, 455, 100, 1328, 55, 200.91
2026/09/08 20:16:00.796, GPU-ecc6a1f9-42fe-2932-7ea0-1dd285491b7b, 455, 100, 1328, 55, 217.20
2026/09/08 20:16:01.001, GPU-ecc6a1f9-42fe-2932-7ea0-1dd285491b7b, 455, 100, 1316, 55, 229.97
2026/09/08 20:16:01.204, GPU-ecc6a1f9-42fe-2932-7ea0-1dd285491b7b, 455, 100, 1328, 55, 195.97
2026/09/08 20:16:01.408, GPU-ecc6a1f9-42fe-2932-7ea0-1dd285491b7b, 455, 100, 1328, 55, 216.95
2026/09/08 20:16:01.611, GPU-ecc6a1f9-42fe-2932-7ea0-1dd285491b7b, 455, 100, 1316, 56, 229.49
2026/09/08 20:16:01.815, GPU-ecc6a1f9-42fe-2932-7ea0-1dd285491b7b, 455, 100, 1328, 55, 199.46
2026/09/08 20:16:02.019, GPU-ecc6a1f9-42fe-2932-7ea0-1dd285491b7b, 455, 100, 1328, 55, 216.10
2026/09/08 20:16:02.222, GPU-ecc6a1f9-42fe-2932-7ea0-1dd285491b7b, 455, 100, 1316, 56, 236.80
2026/09/08 20:16:02.426, GPU-ecc6a1f9-42fe-2932-7ea0-1dd285491b7b, 455, 100, 1328, 56, 204.53
2026/09/08 20:16:02.629, GPU-ecc6a1f9-42fe-2932-7ea0-1dd285491b7b, 455, 100, 1328, 56, 218.64
2026/09/08 20:16:02.835, GPU-ecc6a1f9-42fe-2932-7ea0-1dd285491b7b, 455, 100, 1316, 56, 243.63
2026/09/08 20:16:03.042, GPU-ecc6a1f9-42fe-2932-7ea0-1dd285491b7b, 455, 100, 1328, 56, 200.19
2026/09/08 20:16:03.245, GPU-ecc6a1f9-42fe-2932-7ea0-1dd285491b7b, 455, 100, 1328, 56, 205.14
2026/09/08 20:16:03.449, GPU-ecc6a1f9-42fe-2932-7ea0-1dd285491b7b, 455, 100, 1328, 56, 237.53
2026/09/08 20:16:03.654, GPU-ecc6a1f9-42fe-2932-7ea0-1dd285491b7b, 455, 100, 1328, 56, 198.98
2026/09/08 20:16:03.857, GPU-ecc6a1f9-42fe-2932-7ea0-1dd285491b7b, 455, 100, 1328, 56, 202.73
2026/09/08 20:16:04.061, GPU-ecc6a1f9-42fe-2932-7ea0-1dd285491b7b, 455, 100, 1328, 56, 222.37
2026/09/08 20:16:04.264, GPU-ecc6a1f9-42fe-2932-7ea0-1dd285491b7b, 455, 100, 1328, 56, 208.76
2026/09/08 20:16:04.468, GPU-ecc6a1f9-42fe-2932-7ea0-1dd285491b7b, 455, 100, 1328, 56, 219.96
2026/09/08 20:16:04.674, GPU-ecc6a1f9-42fe-2932-7ea0-1dd285491b7b, 455, 100, 1328, 57, 218.99
2026/09/08 20:16:04.877, GPU-ecc6a1f9-42fe-2932-7ea0-1dd285491b7b, 455, 100, 1316, 57, 199.22
2026/09/08 20:16:05.080, GPU-ecc6a1f9-42fe-2932-7ea0-1dd285491b7b, 455, 100, 1328, 57, 216.34
2026/09/08 20:16:05.285, GPU-ecc6a1f9-42fe-2932-7ea0-1dd285491b7b, 455, 100, 1328, 57, 222.59
2026/09/08 20:16:05.489, GPU-ecc6a1f9-42fe-2932-7ea0-1dd285491b7b, 455, 100, 1328, 57, 198.74
2026/09/08 20:16:05.694, GPU-ecc6a1f9-42fe-2932-7ea0-1dd285491b7b, 5, 46, 1328, 54, 45.33
2026/09/08 20:16:05.897, GPU-ecc6a1f9-42fe-2932-7ea0-1dd285491b7b, 5, 3, 1328, 53, 44.11
2026/09/08 20:16:06.101, GPU-ecc6a1f9-42fe-2932-7ea0-1dd285491b7b, 7, 0, 1328, 53, 43.63
2026/09/08 20:16:06.304, GPU-ecc6a1f9-42fe-2932-7ea0-1dd285491b7b, 7, 0, 1328, 52, 43.14
2026/09/08 20:16:06.508, GPU-ecc6a1f9-42fe-2932-7ea0-1dd285491b7b, 15, 0, 1328, 52, 42.90
2026/09/08 20:16:06.779, GPU-ecc6a1f9-42fe-2932-7ea0-1dd285491b7b, 455, 2, 1328, 52, 43.38
2026/09/08 20:16:06.983, GPU-ecc6a1f9-42fe-2932-7ea0-1dd285491b7b, 455, 4, 1328, 51, 44.60
2026/09/08 20:16:07.187, GPU-ecc6a1f9-42fe-2932-7ea0-1dd285491b7b, 455, 45, 1328, 52, 117.93
2026/09/08 20:16:07.390, GPU-ecc6a1f9-42fe-2932-7ea0-1dd285491b7b, 455, 72, 1328, 54, 207.78
2026/09/08 20:16:07.594, GPU-ecc6a1f9-42fe-2932-7ea0-1dd285491b7b, 455, 100, 1328, 55, 235.08
2026/09/08 20:16:07.798, GPU-ecc6a1f9-42fe-2932-7ea0-1dd285491b7b, 455, 100, 1328, 55, 202.73
2026/09/08 20:16:08.001, GPU-ecc6a1f9-42fe-2932-7ea0-1dd285491b7b, 455, 100, 1328, 56, 202.60
2026/09/08 20:16:08.206, GPU-ecc6a1f9-42fe-2932-7ea0-1dd285491b7b, 455, 100, 1328, 56, 213.48
2026/09/08 20:16:08.409, GPU-ecc6a1f9-42fe-2932-7ea0-1dd285491b7b, 455, 100, 1328, 56, 206.35
2026/09/08 20:16:08.614, GPU-ecc6a1f9-42fe-2932-7ea0-1dd285491b7b, 455, 100, 1328, 56, 221.64
2026/09/08 20:16:08.817, GPU-ecc6a1f9-42fe-2932-7ea0-1dd285491b7b, 455, 100, 1328, 56, 218.15
2026/09/08 20:16:09.021, GPU-ecc6a1f9-42fe-2932-7ea0-1dd285491b7b, 455, 100, 1316, 56, 193.20
2026/09/08 20:16:09.224, GPU-ecc6a1f9-42fe-2932-7ea0-1dd285491b7b, 455, 100, 1328, 57, 211.51
2026/09/08 20:16:09.428, GPU-ecc6a1f9-42fe-2932-7ea0-1dd285491b7b, 455, 100, 1328, 57, 223.70
2026/09/08 20:16:09.633, GPU-ecc6a1f9-42fe-2932-7ea0-1dd285491b7b, 455, 100, 1316, 57, 194.52
2026/09/08 20:16:09.837, GPU-ecc6a1f9-42fe-2932-7ea0-1dd285491b7b, 455, 100, 1328, 57, 212.60
2026/09/08 20:16:10.040, GPU-ecc6a1f9-42fe-2932-7ea0-1dd285491b7b, 455, 100, 1328, 57, 224.91
2026/09/08 20:16:10.244, GPU-ecc6a1f9-42fe-2932-7ea0-1dd285491b7b, 455, 100, 1316, 57, 194.76
2026/09/08 20:16:10.447, GPU-ecc6a1f9-42fe-2932-7ea0-1dd285491b7b, 455, 100, 1328, 57, 217.79
2026/09/08 20:16:10.651, GPU-ecc6a1f9-42fe-2932-7ea0-1dd285491b7b, 455, 100, 1328, 57, 247.24
2026/09/08 20:16:10.855, GPU-ecc6a1f9-42fe-2932-7ea0-1dd285491b7b, 455, 100, 1328, 57, 197.05
2026/09/08 20:16:11.058, GPU-ecc6a1f9-42fe-2932-7ea0-1dd285491b7b, 455, 100, 1328, 57, 203.57
2026/09/08 20:16:11.262, GPU-ecc6a1f9-42fe-2932-7ea0-1dd285491b7b, 455, 100, 1328, 58, 220.42
2026/09/08 20:16:11.465, GPU-ecc6a1f9-42fe-2932-7ea0-1dd285491b7b, 455, 100, 1316, 58, 195.36
2026/09/08 20:16:11.669, GPU-ecc6a1f9-42fe-2932-7ea0-1dd285491b7b, 455, 100, 1328, 58, 203.45
2026/09/08 20:16:11.872, GPU-ecc6a1f9-42fe-2932-7ea0-1dd285491b7b, 455, 100, 1328, 58, 225.50
2026/09/08 20:16:12.078, GPU-ecc6a1f9-42fe-2932-7ea0-1dd285491b7b, 455, 100, 1316, 58, 199.95
2026/09/08 20:16:12.281, GPU-ecc6a1f9-42fe-2932-7ea0-1dd285491b7b, 455, 100, 1328, 58, 201.04
2026/09/08 20:16:12.485, GPU-ecc6a1f9-42fe-2932-7ea0-1dd285491b7b, 455, 100, 1328, 58, 218.03
2026/09/08 20:16:12.688, GPU-ecc6a1f9-42fe-2932-7ea0-1dd285491b7b, 455, 100, 1316, 58, 202.73
2026/09/08 20:16:12.892, GPU-ecc6a1f9-42fe-2932-7ea0-1dd285491b7b, 455, 100, 1328, 58, 198.98
2026/09/08 20:16:13.095, GPU-ecc6a1f9-42fe-2932-7ea0-1dd285491b7b, 455, 100, 1328, 58, 214.17
2026/09/08 20:16:13.300, GPU-ecc6a1f9-42fe-2932-7ea0-1dd285491b7b, 455, 100, 1316, 58, 228.63
2026/09/08 20:16:13.504, GPU-ecc6a1f9-42fe-2932-7ea0-1dd285491b7b, 455, 100, 1328, 58, 199.70
2026/09/08 20:16:13.714, GPU-ecc6a1f9-42fe-2932-7ea0-1dd285491b7b, 455, 100, 1328, 58, 218.75
2026/09/08 20:16:13.920, GPU-ecc6a1f9-42fe-2932-7ea0-1dd285491b7b, 455, 100, 1328, 58, 207.79
2026/09/08 20:16:14.123, GPU-ecc6a1f9-42fe-2932-7ea0-1dd285491b7b, 455, 100, 1328, 58, 206.59
2026/09/08 20:16:14.327, GPU-ecc6a1f9-42fe-2932-7ea0-1dd285491b7b, 455, 100, 1328, 59, 223.57
2026/09/08 20:16:14.530, GPU-ecc6a1f9-42fe-2932-7ea0-1dd285491b7b, 455, 100, 1316, 59, 234.86
2026/09/08 20:16:14.734, GPU-ecc6a1f9-42fe-2932-7ea0-1dd285491b7b, 455, 100, 1328, 59, 201.64
2026/09/08 20:16:14.939, GPU-ecc6a1f9-42fe-2932-7ea0-1dd285491b7b, 455, 100, 1328, 59, 224.43
2026/09/08 20:16:15.143, GPU-ecc6a1f9-42fe-2932-7ea0-1dd285491b7b, 455, 100, 1316, 59, 231.14
2026/09/08 20:16:15.346, GPU-ecc6a1f9-42fe-2932-7ea0-1dd285491b7b, 265, 72, 1328, 58, 48.02
2026/09/08 20:16:15.552, GPU-ecc6a1f9-42fe-2932-7ea0-1dd285491b7b, 5, 5, 1328, 56, 45.57
2026/09/08 20:16:15.759, GPU-ecc6a1f9-42fe-2932-7ea0-1dd285491b7b, 7, 0, 1328, 55, 44.84
2026/09/08 20:16:15.962, GPU-ecc6a1f9-42fe-2932-7ea0-1dd285491b7b, 15, 0, 1328, 54, 44.35
2026/09/08 20:16:16.198, GPU-ecc6a1f9-42fe-2932-7ea0-1dd285491b7b, 455, 20, 1328, 54, 53.82
2026/09/08 20:16:16.402, GPU-ecc6a1f9-42fe-2932-7ea0-1dd285491b7b, 455, 14, 1328, 54, 98.04
2026/09/08 20:16:16.605, GPU-ecc6a1f9-42fe-2932-7ea0-1dd285491b7b, 455, 52, 1328, 54, 186.51
2026/09/08 20:16:16.809, GPU-ecc6a1f9-42fe-2932-7ea0-1dd285491b7b, 455, 76, 1328, 56, 225.11
2026/09/08 20:16:17.012, GPU-ecc6a1f9-42fe-2932-7ea0-1dd285491b7b, 455, 100, 1316, 57, 237.05
2026/09/08 20:16:17.218, GPU-ecc6a1f9-42fe-2932-7ea0-1dd285491b7b, 455, 100, 1328, 57, 198.01
2026/09/08 20:16:17.421, GPU-ecc6a1f9-42fe-2932-7ea0-1dd285491b7b, 455, 100, 1328, 58, 231.03
2026/09/08 20:16:17.625, GPU-ecc6a1f9-42fe-2932-7ea0-1dd285491b7b, 455, 100, 1328, 58, 214.17
2026/09/08 20:16:17.828, GPU-ecc6a1f9-42fe-2932-7ea0-1dd285491b7b, 455, 100, 1328, 58, 199.70
2026/09/08 20:16:18.031, GPU-ecc6a1f9-42fe-2932-7ea0-1dd285491b7b, 455, 99, 1328, 58, 223.31
2026/09/08 20:16:18.237, GPU-ecc6a1f9-42fe-2932-7ea0-1dd285491b7b, 455, 100, 1316, 59, 238.83
2026/09/08 20:16:18.440, GPU-ecc6a1f9-42fe-2932-7ea0-1dd285491b7b, 455, 100, 1328, 59, 198.98
2026/09/08 20:16:18.644, GPU-ecc6a1f9-42fe-2932-7ea0-1dd285491b7b, 455, 100, 1328, 59, 215.15
2026/09/08 20:16:18.847, GPU-ecc6a1f9-42fe-2932-7ea0-1dd285491b7b, 455, 100, 1316, 59, 234.86
2026/09/08 20:16:19.050, GPU-ecc6a1f9-42fe-2932-7ea0-1dd285491b7b, 455, 100, 1328, 59, 200.67
2026/09/08 20:16:19.254, GPU-ecc6a1f9-42fe-2932-7ea0-1dd285491b7b, 455, 100, 1328, 59, 216.10
2026/09/08 20:16:19.457, GPU-ecc6a1f9-42fe-2932-7ea0-1dd285491b7b, 455, 100, 1316, 59, 218.30
2026/09/08 20:16:19.662, GPU-ecc6a1f9-42fe-2932-7ea0-1dd285491b7b, 455, 100, 1328, 59, 197.77
2026/09/08 20:16:19.866, GPU-ecc6a1f9-42fe-2932-7ea0-1dd285491b7b, 455, 100, 1328, 59, 220.70
2026/09/08 20:16:20.069, GPU-ecc6a1f9-42fe-2932-7ea0-1dd285491b7b, 455, 100, 1316, 59, 198.76
2026/09/08 20:16:20.272, GPU-ecc6a1f9-42fe-2932-7ea0-1dd285491b7b, 455, 100, 1328, 59, 198.50
2026/09/08 20:16:20.476, GPU-ecc6a1f9-42fe-2932-7ea0-1dd285491b7b, 455, 100, 1328, 59, 215.87
2026/09/08 20:16:20.680, GPU-ecc6a1f9-42fe-2932-7ea0-1dd285491b7b, 455, 100, 1316, 60, 199.95
2026/09/08 20:16:20.884, GPU-ecc6a1f9-42fe-2932-7ea0-1dd285491b7b, 455, 100, 1328, 59, 200.43
2026/09/08 20:16:21.087, GPU-ecc6a1f9-42fe-2932-7ea0-1dd285491b7b, 455, 100, 1328, 60, 213.48
2026/09/08 20:16:21.291, GPU-ecc6a1f9-42fe-2932-7ea0-1dd285491b7b, 455, 100, 1316, 60, 207.79
2026/09/08 20:16:21.494, GPU-ecc6a1f9-42fe-2932-7ea0-1dd285491b7b, 455, 100, 1328, 60, 200.79
2026/09/08 20:16:21.698, GPU-ecc6a1f9-42fe-2932-7ea0-1dd285491b7b, 455, 100, 1328, 60, 218.03
2026/09/08 20:16:21.902, GPU-ecc6a1f9-42fe-2932-7ea0-1dd285491b7b, 455, 100, 1316, 60, 236.08
2026/09/08 20:16:22.107, GPU-ecc6a1f9-42fe-2932-7ea0-1dd285491b7b, 455, 100, 1328, 60, 195.13
2026/09/08 20:16:22.310, GPU-ecc6a1f9-42fe-2932-7ea0-1dd285491b7b, 455, 100, 1328, 60, 222.74
2026/09/08 20:16:22.514, GPU-ecc6a1f9-42fe-2932-7ea0-1dd285491b7b, 455, 100, 1316, 60, 231.86
2026/09/08 20:16:22.717, GPU-ecc6a1f9-42fe-2932-7ea0-1dd285491b7b, 455, 100, 1328, 60, 200.67
2026/09/08 20:16:22.924, GPU-ecc6a1f9-42fe-2932-7ea0-1dd285491b7b, 455, 100, 1328, 60, 232.95
2026/09/08 20:16:23.127, GPU-ecc6a1f9-42fe-2932-7ea0-1dd285491b7b, 455, 100, 1328, 60, 209.72
2026/09/08 20:16:23.330, GPU-ecc6a1f9-42fe-2932-7ea0-1dd285491b7b, 455, 100, 1328, 60, 204.90
2026/09/08 20:16:23.534, GPU-ecc6a1f9-42fe-2932-7ea0-1dd285491b7b, 455, 100, 1328, 60, 219.25
2026/09/08 20:16:23.737, GPU-ecc6a1f9-42fe-2932-7ea0-1dd285491b7b, 455, 100, 1316, 61, 235.12
2026/09/08 20:16:23.941, GPU-ecc6a1f9-42fe-2932-7ea0-1dd285491b7b, 455, 100, 1328, 60, 201.15
2026/09/08 20:16:24.144, GPU-ecc6a1f9-42fe-2932-7ea0-1dd285491b7b, 455, 100, 1328, 60, 220.22
2026/09/08 20:16:24.349, GPU-ecc6a1f9-42fe-2932-7ea0-1dd285491b7b, 455, 100, 1316, 61, 233.31
2026/09/08 20:16:24.554, GPU-ecc6a1f9-42fe-2932-7ea0-1dd285491b7b, 265, 57, 1328, 59, 47.29
2026/09/08 20:16:24.758, GPU-ecc6a1f9-42fe-2932-7ea0-1dd285491b7b, 5, 5, 1328, 58, 46.30
2026/09/08 20:16:24.961, GPU-ecc6a1f9-42fe-2932-7ea0-1dd285491b7b, 7, 0, 1328, 57, 45.55
2026/09/08 20:16:25.165, GPU-ecc6a1f9-42fe-2932-7ea0-1dd285491b7b, 15, 0, 1328, 56, 44.84
2026/09/08 20:16:25.439, GPU-ecc6a1f9-42fe-2932-7ea0-1dd285491b7b, 61, 0, 1328, 56, 44.84
2026/09/08 20:16:25.642, GPU-ecc6a1f9-42fe-2932-7ea0-1dd285491b7b, 455, 13, 1328, 56, 45.57
2026/09/08 20:16:25.849, GPU-ecc6a1f9-42fe-2932-7ea0-1dd285491b7b, 455, 12, 1328, 56, 68.56
2026/09/08 20:16:26.052, GPU-ecc6a1f9-42fe-2932-7ea0-1dd285491b7b, 455, 60, 1328, 56, 195.97
2026/09/08 20:16:26.256, GPU-ecc6a1f9-42fe-2932-7ea0-1dd285491b7b, 455, 100, 1328, 58, 205.64
2026/09/08 20:16:26.459, GPU-ecc6a1f9-42fe-2932-7ea0-1dd285491b7b, 455, 100, 1316, 59, 229.82
2026/09/08 20:16:26.663, GPU-ecc6a1f9-42fe-2932-7ea0-1dd285491b7b, 455, 100, 1328, 59, 198.50
2026/09/08 20:16:26.868, GPU-ecc6a1f9-42fe-2932-7ea0-1dd285491b7b, 455, 100, 1328, 59, 227.08
2026/09/08 20:16:27.071, GPU-ecc6a1f9-42fe-2932-7ea0-1dd285491b7b, 455, 100, 1328, 60, 207.55
2026/09/08 20:16:27.275, GPU-ecc6a1f9-42fe-2932-7ea0-1dd285491b7b, 455, 100, 1328, 60, 208.16
2026/09/08 20:16:27.478, GPU-ecc6a1f9-42fe-2932-7ea0-1dd285491b7b, 455, 100, 1328, 60, 220.22
2026/09/08 20:16:27.682, GPU-ecc6a1f9-42fe-2932-7ea0-1dd285491b7b, 455, 100, 1316, 60, 232.82
2026/09/08 20:16:27.888, GPU-ecc6a1f9-42fe-2932-7ea0-1dd285491b7b, 455, 100, 1328, 60, 201.64
2026/09/08 20:16:28.096, GPU-ecc6a1f9-42fe-2932-7ea0-1dd285491b7b, 455, 100, 1328, 60, 219.01
2026/09/08 20:16:28.300, GPU-ecc6a1f9-42fe-2932-7ea0-1dd285491b7b, 455, 100, 1316, 61, 234.38
2026/09/08 20:16:28.503, GPU-ecc6a1f9-42fe-2932-7ea0-1dd285491b7b, 455, 100, 1328, 60, 198.98
2026/09/08 20:16:28.708, GPU-ecc6a1f9-42fe-2932-7ea0-1dd285491b7b, 455, 100, 1328, 60, 222.39
2026/09/08 20:16:28.911, GPU-ecc6a1f9-42fe-2932-7ea0-1dd285491b7b, 455, 100, 1328, 61, 204.90
2026/09/08 20:16:29.114, GPU-ecc6a1f9-42fe-2932-7ea0-1dd285491b7b, 455, 100, 1328, 60, 226.84
2026/09/08 20:16:29.318, GPU-ecc6a1f9-42fe-2932-7ea0-1dd285491b7b, 455, 100, 1328, 61, 222.26
2026/09/08 20:16:29.521, GPU-ecc6a1f9-42fe-2932-7ea0-1dd285491b7b, 455, 100, 1316, 61, 198.01
2026/09/08 20:16:29.728, GPU-ecc6a1f9-42fe-2932-7ea0-1dd285491b7b, 455, 100, 1328, 61, 205.62
2026/09/08 20:16:29.931, GPU-ecc6a1f9-42fe-2932-7ea0-1dd285491b7b, 455, 100, 1328, 61, 222.48
2026/09/08 20:16:30.135, GPU-ecc6a1f9-42fe-2932-7ea0-1dd285491b7b, 455, 100, 1316, 61, 202.60
2026/09/08 20:16:30.338, GPU-ecc6a1f9-42fe-2932-7ea0-1dd285491b7b, 455, 100, 1328, 61, 201.39
2026/09/08 20:16:30.541, GPU-ecc6a1f9-42fe-2932-7ea0-1dd285491b7b, 455, 100, 1328, 61, 220.94
2026/09/08 20:16:30.745, GPU-ecc6a1f9-42fe-2932-7ea0-1dd285491b7b, 455, 100, 1316, 61, 203.09
2026/09/08 20:16:30.951, GPU-ecc6a1f9-42fe-2932-7ea0-1dd285491b7b, 455, 100, 1328, 61, 199.46
2026/09/08 20:16:31.154, GPU-ecc6a1f9-42fe-2932-7ea0-1dd285491b7b, 455, 100, 1328, 61, 220.94
2026/09/08 20:16:31.358, GPU-ecc6a1f9-42fe-2932-7ea0-1dd285491b7b, 455, 100, 1303, 61, 202.12
2026/09/08 20:16:31.561, GPU-ecc6a1f9-42fe-2932-7ea0-1dd285491b7b, 455, 100, 1328, 61, 202.24
2026/09/08 20:16:31.765, GPU-ecc6a1f9-42fe-2932-7ea0-1dd285491b7b, 455, 100, 1328, 61, 219.97
2026/09/08 20:16:31.968, GPU-ecc6a1f9-42fe-2932-7ea0-1dd285491b7b, 455, 100, 1316, 62, 220.96
2026/09/08 20:16:32.175, GPU-ecc6a1f9-42fe-2932-7ea0-1dd285491b7b, 455, 100, 1328, 62, 196.32
2026/09/08 20:16:32.378, GPU-ecc6a1f9-42fe-2932-7ea0-1dd285491b7b, 455, 100, 1328, 62, 222.02
2026/09/08 20:16:32.582, GPU-ecc6a1f9-42fe-2932-7ea0-1dd285491b7b, 455, 100, 1328, 62, 205.14
2026/09/08 20:16:32.785, GPU-ecc6a1f9-42fe-2932-7ea0-1dd285491b7b, 455, 100, 1328, 62, 209.24
2026/09/08 20:16:32.989, GPU-ecc6a1f9-42fe-2932-7ea0-1dd285491b7b, 455, 100, 1328, 62, 223.68
2026/09/08 20:16:33.194, GPU-ecc6a1f9-42fe-2932-7ea0-1dd285491b7b, 455, 100, 1316, 62, 237.51
2026/09/08 20:16:33.399, GPU-ecc6a1f9-42fe-2932-7ea0-1dd285491b7b, 455, 100, 1316, 62, 199.46
2026/09/08 20:16:33.602, GPU-ecc6a1f9-42fe-2932-7ea0-1dd285491b7b, 455, 100, 1328, 62, 217.79
2026/09/08 20:16:33.805, GPU-ecc6a1f9-42fe-2932-7ea0-1dd285491b7b, 455, 100, 1316, 62, 208.04
2026/09/08 20:16:34.009, GPU-ecc6a1f9-42fe-2932-7ea0-1dd285491b7b, 263, 96, 1328, 60, 48.02
2026/09/08 20:16:34.214, GPU-ecc6a1f9-42fe-2932-7ea0-1dd285491b7b, 5, 5, 1328, 59, 47.04
2026/09/08 20:16:34.417, GPU-ecc6a1f9-42fe-2932-7ea0-1dd285491b7b, 7, 0, 1328, 58, 46.28
2026/09/08 20:16:34.621, GPU-ecc6a1f9-42fe-2932-7ea0-1dd285491b7b, 15, 0, 1328, 57, 45.82
2026/09/08 20:16:34.909, GPU-ecc6a1f9-42fe-2932-7ea0-1dd285491b7b, 455, 1, 1328, 57, 45.82
2026/09/08 20:16:35.113, GPU-ecc6a1f9-42fe-2932-7ea0-1dd285491b7b, 455, 9, 1328, 57, 46.52
2026/09/08 20:16:35.317, GPU-ecc6a1f9-42fe-2932-7ea0-1dd285491b7b, 455, 42, 1328, 57, 79.75
2026/09/08 20:16:35.520, GPU-ecc6a1f9-42fe-2932-7ea0-1dd285491b7b, 455, 62, 1328, 59, 203.45
2026/09/08 20:16:35.724, GPU-ecc6a1f9-42fe-2932-7ea0-1dd285491b7b, 455, 100, 1328, 60, 249.26
2026/09/08 20:16:35.927, GPU-ecc6a1f9-42fe-2932-7ea0-1dd285491b7b, 455, 100, 1328, 60, 197.53
2026/09/08 20:16:36.133, GPU-ecc6a1f9-42fe-2932-7ea0-1dd285491b7b, 455, 100, 1328, 61, 203.93
2026/09/08 20:16:36.336, GPU-ecc6a1f9-42fe-2932-7ea0-1dd285491b7b, 455, 100, 1328, 61, 222.63
2026/09/08 20:16:36.540, GPU-ecc6a1f9-42fe-2932-7ea0-1dd285491b7b, 455, 100, 1328, 61, 208.50
2026/09/08 20:16:36.743, GPU-ecc6a1f9-42fe-2932-7ea0-1dd285491b7b, 455, 100, 1328, 61, 234.64
2026/09/08 20:16:36.946, GPU-ecc6a1f9-42fe-2932-7ea0-1dd285491b7b, 455, 100, 1328, 61, 243.17
2026/09/08 20:16:37.152, GPU-ecc6a1f9-42fe-2932-7ea0-1dd285491b7b, 455, 100, 1328, 62, 197.53
2026/09/08 20:16:37.355, GPU-ecc6a1f9-42fe-2932-7ea0-1dd285491b7b, 455, 100, 1328, 62, 224.67
2026/09/08 20:16:37.559, GPU-ecc6a1f9-42fe-2932-7ea0-1dd285491b7b, 455, 100, 1303, 62, 247.58
2026/09/08 20:16:37.762, GPU-ecc6a1f9-42fe-2932-7ea0-1dd285491b7b, 455, 100, 1328, 62, 198.50
2026/09/08 20:16:37.966, GPU-ecc6a1f9-42fe-2932-7ea0-1dd285491b7b, 455, 100, 1328, 62, 218.53
2026/09/08 20:16:38.172, GPU-ecc6a1f9-42fe-2932-7ea0-1dd285491b7b, 455, 99, 1303, 62, 237.05
2026/09/08 20:16:38.376, GPU-ecc6a1f9-42fe-2932-7ea0-1dd285491b7b, 455, 100, 1316, 62, 199.22
2026/09/08 20:16:38.580, GPU-ecc6a1f9-42fe-2932-7ea0-1dd285491b7b, 455, 100, 1328, 62, 219.73
2026/09/08 20:16:38.783, GPU-ecc6a1f9-42fe-2932-7ea0-1dd285491b7b, 455, 100, 1316, 62, 231.40
2026/09/08 20:16:38.987, GPU-ecc6a1f9-42fe-2932-7ea0-1dd285491b7b, 455, 100, 1328, 62, 201.15
2026/09/08 20:16:39.190, GPU-ecc6a1f9-42fe-2932-7ea0-1dd285491b7b, 455, 100, 1328, 62, 220.22
2026/09/08 20:16:39.395, GPU-ecc6a1f9-42fe-2932-7ea0-1dd285491b7b, 455, 100, 1303, 63, 233.89
2026/09/08 20:16:39.600, GPU-ecc6a1f9-42fe-2932-7ea0-1dd285491b7b, 455, 100, 1328, 62, 198.76
2026/09/08 20:16:39.804, GPU-ecc6a1f9-42fe-2932-7ea0-1dd285491b7b, 455, 100, 1328, 62, 235.12
2026/09/08 20:16:40.008, GPU-ecc6a1f9-42fe-2932-7ea0-1dd285491b7b, 455, 100, 1316, 63, 236.80
2026/09/08 20:16:40.214, GPU-ecc6a1f9-42fe-2932-7ea0-1dd285491b7b, 455, 100, 1328, 63, 206.46
2026/09/08 20:16:40.418, GPU-ecc6a1f9-42fe-2932-7ea0-1dd285491b7b, 455, 100, 1328, 63, 234.15
2026/09/08 20:16:40.621, GPU-ecc6a1f9-42fe-2932-7ea0-1dd285491b7b, 455, 100, 1290, 63, 233.43
2026/09/08 20:16:40.825, GPU-ecc6a1f9-42fe-2932-7ea0-1dd285491b7b, 455, 100, 1328, 63, 200.19
2026/09/08 20:16:41.028, GPU-ecc6a1f9-42fe-2932-7ea0-1dd285491b7b, 455, 100, 1328, 63, 229.45
2026/09/08 20:16:41.232, GPU-ecc6a1f9-42fe-2932-7ea0-1dd285491b7b, 455, 100, 1316, 63, 239.82
2026/09/08 20:16:41.436, GPU-ecc6a1f9-42fe-2932-7ea0-1dd285491b7b, 455, 100, 1328, 63, 202.73
2026/09/08 20:16:41.643, GPU-ecc6a1f9-42fe-2932-7ea0-1dd285491b7b, 455, 99, 1328, 63, 207.78
2026/09/08 20:16:41.847, GPU-ecc6a1f9-42fe-2932-7ea0-1dd285491b7b, 455, 100, 1328, 63, 224.41
2026/09/08 20:16:42.050, GPU-ecc6a1f9-42fe-2932-7ea0-1dd285491b7b, 455, 100, 1328, 63, 206.35
2026/09/08 20:16:42.255, GPU-ecc6a1f9-42fe-2932-7ea0-1dd285491b7b, 455, 100, 1328, 63, 234.15
2026/09/08 20:16:42.458, GPU-ecc6a1f9-42fe-2932-7ea0-1dd285491b7b, 455, 100, 1316, 63, 248.68
2026/09/08 20:16:42.662, GPU-ecc6a1f9-42fe-2932-7ea0-1dd285491b7b, 455, 100, 1316, 63, 202.84
2026/09/08 20:16:42.865, GPU-ecc6a1f9-42fe-2932-7ea0-1dd285491b7b, 455, 100, 1328, 63, 217.67
2026/09/08 20:16:43.069, GPU-ecc6a1f9-42fe-2932-7ea0-1dd285491b7b, 455, 100, 1316, 64, 235.10
2026/09/08 20:16:43.274, GPU-ecc6a1f9-42fe-2932-7ea0-1dd285491b7b, 265, 87, 1328, 63, 58.70
2026/09/08 20:16:43.481, GPU-ecc6a1f9-42fe-2932-7ea0-1dd285491b7b, 5, 5, 1328, 61, 47.52
