2026/09/08 21:15:29.276, GPU-ecc6a1f9-42fe-2932-7ea0-1dd285491b7b, 5, 0, 405, 28, 26.09
2026/09/08 21:15:29.483, GPU-ecc6a1f9-42fe-2932-7ea0-1dd285491b7b, 5, 0, 405, 28, 25.85
2026/09/08 21:15:29.687, GPU-ecc6a1f9-42fe-2932-7ea0-1dd285491b7b, 5, 0, 405, 28, 26.09
2026/09/08 21:15:29.890, GPU-ecc6a1f9-42fe-2932-7ea0-1dd285491b7b, 5, 0, 405, 28, 26.09
2026/09/08 21:15:30.094, GPU-ecc6a1f9-42fe-2932-7ea0-1dd285491b7b, 5, 0, 405, 28, 26.09
2026/09/08 21:15:30.298, GPU-ecc6a1f9-42fe-2932-7ea0-1dd285491b7b, 5, 0, 405, 28, 25.85
2026/09/08 21:15:30.503, GPU-ecc6a1f9-42fe-2932-7ea0-1dd285491b7b, 5, 0, 405, 28, 26.09
2026/09/08 21:15:30.706, GPU-ecc6a1f9-42fe-2932-7ea0-1dd285491b7b, 5, 0, 405, 28, 26.09
2026/09/08 21:15:30.910, GPU-ecc6a1f9-42fe-2932-7ea0-1dd285491b7b, 5, 0, 405, 28, 25.85
2026/09/08 21:15:31.113, GPU-ecc6a1f9-42fe-2932-7ea0-1dd285491b7b, 5, 0, 405, 28, 25.85
2026/09/08 21:15:31.317, GPU-ecc6a1f9-42fe-2932-7ea0-1dd285491b7b, 5, 0, 405, 28, 25.85
2026/09/08 21:15:31.522, GPU-ecc6a1f9-42fe-2932-7ea0-1dd285491b7b, 5, 0, 405, 28, 25.85
2026/09/08 21:15:31.725, GPU-ecc6a1f9-42fe-2932-7ea0-1dd285491b7b, 5, 0, 405, 28, 25.85
2026/09/08 21:15:31.929, GPU-ecc6a1f9-42fe-2932-7ea0-1dd285491b7b, 5, 0, 405, 28, 26.09
2026/09/08 21:15:32.132, GPU-ecc6a1f9-42fe-2932-7ea0-1dd285491b7b, 5, 0, 405, 28, 25.85
2026/09/08 21:15:32.336, GPU-ecc6a1f9-42fe-2932-7ea0-1dd285491b7b, 5, 0, 405, 28, 25.85
2026/09/08 21:15:32.541, GPU-ecc6a1f9-42fe-2932-7ea0-1dd285491b7b, 5, 0, 405, 28, 26.09
2026/09/08 21:15:32.744, GPU-ecc6a1f9-42fe-2932-7ea0-1dd285491b7b, 5, 0, 405, 28, 25.85
2026/09/08 21:15:32.948, GPU-ecc6a1f9-42fe-2932-7ea0-1dd285491b7b, 5, 0, 405, 28, 26.09
2026/09/08 21:15:33.151, GPU-ecc6a1f9-42fe-2932-7ea0-1dd285491b7b, 5, 0, 405, 28, 25.85
2026/09/08 21:15:33.355, GPU-ecc6a1f9-42fe-2932-7ea0-1dd285491b7b, 5, 0, 405, 28, 25.85
2026/09/08 21:15:33.561, GPU-ecc6a1f9-42fe-2932-7ea0-1dd285491b7b, 5, 0, 405, 28, 26.09
2026/09/08 21:15:33.764, GPU-ecc6a1f9-42fe-2932-7ea0-1dd285491b7b, 5, 0, 405, 28, 26.09
2026/09/08 21:15:33.968, GPU-ecc6a1f9-42fe-2932-7ea0-1dd285491b7b, 5, 0, 405, 28, 25.85
2026/09/08 21:15:34.171, GPU-ecc6a1f9-42fe-2932-7ea0-1dd285491b7b, 5, 0, 405, 28, 26.09
2026/09/08 21:15:34.375, GPU-ecc6a1f9-42fe-2932-7ea0-1dd285491b7b, 5, 0, 405, 28, 25.85
2026/09/08 21:15:34.580, GPU-ecc6a1f9-42fe-2932-7ea0-1dd285491b7b, 5, 0, 405, 28, 26.09
2026/09/08 21:15:34.784, GPU-ecc6a1f9-42fe-2932-7ea0-1dd285491b7b, 5, 0, 405, 28, 25.85
2026/09/08 21:15:34.987, GPU-ecc6a1f9-42fe-2932-7ea0-1dd285491b7b, 5, 0, 405, 28, 26.09
2026/09/08 21:15:35.191, GPU-ecc6a1f9-42fe-2932-7ea0-1dd285491b7b, 5, 0, 405, 28, 25.85
2026/09/08 21:15:35.394, GPU-ecc6a1f9-42fe-2932-7ea0-1dd285491b7b, 5, 0, 405, 28, 26.09
2026/09/08 21:15:35.599, GPU-ecc6a1f9-42fe-2932-7ea0-1dd285491b7b, 5, 0, 405, 28, 26.09
2026/09/08 21:15:35.803, GPU-ecc6a1f9-42fe-2932-7ea0-1dd285491b7b, 5, 0, 405, 28, 25.85
2026/09/08 21:15:36.006, GPU-ecc6a1f9-42fe-2932-7ea0-1dd285491b7b, 5, 0, 405, 28, 26.09
2026/09/08 21:15:36.210, GPU-ecc6a1f9-42fe-2932-7ea0-1dd285491b7b, 5, 0, 405, 28, 26.09
2026/09/08 21:15:36.413, GPU-ecc6a1f9-42fe-2932-7ea0-1dd285491b7b, 5, 0, 405, 28, 26.09
2026/09/08 21:15:36.619, GPU-ecc6a1f9-42fe-2932-7ea0-1dd285491b7b, 5, 0, 405, 28, 26.09
2026/09/08 21:15:36.822, GPU-ecc6a1f9-42fe-2932-7ea0-1dd285491b7b, 5, 0, 405, 28, 26.09
2026/09/08 21:15:37.026, GPU-ecc6a1f9-42fe-2932-7ea0-1dd285491b7b, 5, 0, 405, 28, 26.09
2026/09/08 21:15:37.230, GPU-ecc6a1f9-42fe-2932-7ea0-1dd285491b7b, 5, 0, 405, 28, 26.09
2026/09/08 21:15:37.433, GPU-ecc6a1f9-42fe-2932-7ea0-1dd285491b7b, 5, 0, 405, 28, 25.85
2026/09/08 21:15:37.638, GPU-ecc6a1f9-42fe-2932-7ea0-1dd285491b7b, 5, 0, 405, 28, 25.85
2026/09/08 21:15:37.842, GPU-ecc6a1f9-42fe-2932-7ea0-1dd285491b7b, 5, 0, 405, 28, 25.85
2026/09/08 21:15:38.045, GPU-ecc6a1f9-42fe-2932-7ea0-1dd285491b7b, 5, 0, 405, 28, 25.85
2026/09/08 21:15:38.249, GPU-ecc6a1f9-42fe-2932-7ea0-1dd285491b7b, 5, 0, 405, 28, 25.85
2026/09/08 21:15:38.452, GPU-ecc6a1f9-42fe-2932-7ea0-1dd285491b7b, 5, 0, 405, 28, 25.85
2026/09/08 21:15:38.658, GPU-ecc6a1f9-42fe-2932-7ea0-1dd285491b7b, 5, 0, 405, 28, 26.09
2026/09/08 21:15:38.861, GPU-ecc6a1f9-42fe-2932-7ea0-1dd285491b7b, 5, 0, 405, 28, 26.09
2026/09/08 21:15:39.065, GPU-ecc6a1f9-42fe-2932-7ea0-1dd285491b7b, 5, 0, 405, 28, 26.09
2026/09/08 21:15:39.268, GPU-ecc6a1f9-42fe-2932-7ea0-1dd285491b7b, 5, 0, 405, 28, 25.85
2026/09/08 21:15:39.472, GPU-ecc6a1f9-42fe-2932-7ea0-1dd285491b7b, 5, 0, 405, 28, 26.09
2026/09/08 21:15:39.677, GPU-ecc6a1f9-42fe-2932-7ea0-1dd285491b7b, 5, 0, 405, 28, 26.09
2026/09/08 21:15:39.881, GPU-ecc6a1f9-42fe-2932-7ea0-1dd285491b7b, 5, 0, 405, 28, 26.09
2026/09/08 21:15:40.084, GPU-ecc6a1f9-42fe-2932-7ea0-1dd285491b7b, 5, 0, 405, 28, 25.85
2026/09/08 21:15:40.288, GPU-ecc6a1f9-42fe-2932-7ea0-1dd285491b7b, 5, 0, 405, 28, 25.85
2026/09/08 21:15:40.491, GPU-ecc6a1f9-42fe-2932-7ea0-1dd285491b7b, 5, 0, 405, 28, 26.09
2026/09/08 21:15:40.697, GPU-ecc6a1f9-42fe-2932-7ea0-1dd285491b7b, 5, 0, 405, 28, 25.85
2026/09/08 21:15:40.900, GPU-ecc6a1f9-42fe-2932-7ea0-1dd285491b7b, 5, 0, 405, 28, 25.85
2026/09/08 21:15:41.104, GPU-ecc6a1f9-42fe-2932-7ea0-1dd285491b7b, 5, 0, 405, 28, 26.09
2026/09/08 21:15:41.308, GPU-ecc6a1f9-42fe-2932-7ea0-1dd285491b7b, 5, 0, 405, 28, 26.09
2026/09/08 21:15:41.511, GPU-ecc6a1f9-42fe-2932-7ea0-1dd285491b7b, 5, 0, 405, 28, 25.85
2026/09/08 21:15:41.716, GPU-ecc6a1f9-42fe-2932-7ea0-1dd285491b7b, 5, 0, 405, 28, 25.85
2026/09/08 21:15:41.920, GPU-ecc6a1f9-42fe-2932-7ea0-1dd285491b7b, 5, 0, 405, 28, 26.09
2026/09/08 21:15:42.123, GPU-ecc6a1f9-42fe-2932-7ea0-1dd285491b7b, 5, 0, 405, 28, 26.09
2026/09/08 21:15:42.327, GPU-ecc6a1f9-42fe-2932-7ea0-1dd285491b7b, 5, 0, 405, 28, 26.09
2026/09/08 21:15:42.530, GPU-ecc6a1f9-42fe-2932-7ea0-1dd285491b7b, 5, 0, 405, 28, 26.09
2026/09/08 21:15:42.735, GPU-ecc6a1f9-42fe-2932-7ea0-1dd285491b7b, 5, 0, 405, 28, 26.09
2026/09/08 21:15:42.939, GPU-ecc6a1f9-42fe-2932-7ea0-1dd285491b7b, 5, 0, 405, 28, 25.85
2026/09/08 21:15:43.143, GPU-ecc6a1f9-42fe-2932-7ea0-1dd285491b7b, 5, 0, 405, 28, 26.09
2026/09/08 21:15:43.346, GPU-ecc6a1f9-42fe-2932-7ea0-1dd285491b7b, 5, 0, 405, 28, 25.85
2026/09/08 21:15:43.550, GPU-ecc6a1f9-42fe-2932-7ea0-1dd285491b7b, 5, 0, 405, 28, 26.09
2026/09/08 21:15:43.755, GPU-ecc6a1f9-42fe-2932-7ea0-1dd285491b7b, 5, 0, 405, 28, 26.09
2026/09/08 21:15:43.958, GPU-ecc6a1f9-42fe-2932-7ea0-1dd285491b7b, 5, 0, 405, 28, 26.09
2026/09/08 21:15:44.162, GPU-ecc6a1f9-42fe-2932-7ea0-1dd285491b7b, 5, 0, 405, 28, 26.09
2026/09/08 21:15:44.365, GPU-ecc6a1f9-42fe-2932-7ea0-1dd285491b7b, 5, 0, 405, 28, 26.09
2026/09/08 21:15:44.569, GPU-ecc6a1f9-42fe-2932-7ea0-1dd285491b7b, 5, 0, 405, 28, 25.85
2026/09/08 21:15:44.776, GPU-ecc6a1f9-42fe-2932-7ea0-1dd285491b7b, 5, 0, 405, 28, 25.85
2026/09/08 21:15:44.979, GPU-ecc6a1f9-42fe-2932-7ea0-1dd285491b7b, 5, 0, 405, 28, 25.85
2026/09/08 21:15:45.184, GPU-ecc6a1f9-42fe-2932-7ea0-1dd285491b7b, 5, 0, 405, 28, 26.09
2026/09/08 21:15:45.387, GPU-ecc6a1f9-42fe-2932-7ea0-1dd285491b7b, 5, 0, 405, 28, 25.85
2026/09/08 21:15:45.591, GPU-ecc6a1f9-42fe-2932-7ea0-1dd285491b7b, 5, 0, 405, 28, 26.09
2026/09/08 21:15:45.795, GPU-ecc6a1f9-42fe-2932-7ea0-1dd285491b7b, 5, 0, 405, 28, 25.85
2026/09/08 21:15:45.999, GPU-ecc6a1f9-42fe-2932-7ea0-1dd285491b7b, 5, 0, 405, 28, 26.09
2026/09/08 21:15:46.202, GPU-ecc6a1f9-42fe-2932-7ea0-1dd285491b7b, 5, 0, 405, 28, 25.85
2026/09/08 21:15:46.406, GPU-ecc6a1f9-42fe-2932-7ea0-1dd285491b7b, 5, 0, 405, 28, 25.85
2026/09/08 21:15:46.610, GPU-ecc6a1f9-42fe-2932-7ea0-1dd285491b7b, 5, 0, 405, 28, 26.09
2026/09/08 21:15:46.815, GPU-ecc6a1f9-42fe-2932-7ea0-1dd285491b7b, 5, 0, 405, 28, 25.85
2026/09/08 21:15:47.019, GPU-ecc6a1f9-42fe-2932-7ea0-1dd285491b7b, 5, 0, 405, 28, 25.85
2026/09/08 21:15:47.222, GPU-ecc6a1f9-42fe-2932-7ea0-1dd285491b7b, 5, 0, 405, 28, 26.09
2026/09/08 21:15:47.426, GPU-ecc6a1f9-42fe-2932-7ea0-1dd285491b7b, 5, 0, 405, 28, 26.09
2026/09/08 21:15:47.629, GPU-ecc6a1f9-42fe-2932-7ea0-1dd285491b7b, 5, 0, 405, 28, 26.09
2026/09/08 21:15:47.833, GPU-ecc6a1f9-42fe-2932-7ea0-1dd285491b7b, 5, 0, 405, 28, 25.85
2026/09/08 21:15:48.038, GPU-ecc6a1f9-42fe-2932-7ea0-1dd285491b7b, 5, 0, 405, 28, 26.09
2026/09/08 21:15:48.241, GPU-ecc6a1f9-42fe-2932-7ea0-1dd285491b7b, 5, 0, 405, 28, 26.09
2026/09/08 21:15:48.445, GPU-ecc6a1f9-42fe-2932-7ea0-1dd285491b7b, 5, 0, 405, 28, 25.85
2026/09/08 21:15:48.648, GPU-ecc6a1f9-42fe-2932-7ea0-1dd285491b7b, 5, 0, 405, 28, 26.09
2026/09/08 21:15:48.852, GPU-ecc6a1f9-42fe-2932-7ea0-1dd285491b7b, 5, 0, 405, 28, 26.09
2026/09/08 21:15:49.055, GPU-ecc6a1f9-42fe-2932-7ea0-1dd285491b7b, 5, 0, 405, 28, 26.09
2026/09/08 21:15:49.261, GPU-ecc6a1f9-42fe-2932-7ea0-1dd285491b7b, 5, 0, 405, 28, 25.85
2026/09/08 21:15:49.464, GPU-ecc6a1f9-42fe-2932-7ea0-1dd285491b7b, 5, 0, 405, 28, 26.09
2026/09/08 21:15:49.668, GPU-ecc6a1f9-42fe-2932-7ea0-1dd285491b7b, 5, 0, 405, 28, 26.09
2026/09/08 21:15:49.871, GPU-ecc6a1f9-42fe-2932-7ea0-1dd285491b7b, 5, 0, 405, 28, 25.85
2026/09/08 21:15:50.075, GPU-ecc6a1f9-42fe-2932-7ea0-1dd285491b7b, 5, 0, 405, 28, 26.09
2026/09/08 21:15:50.278, GPU-ecc6a1f9-42fe-2932-7ea0-1dd285491b7b, 5, 0, 405, 28, 26.09
2026/09/08 21:15:50.484, GPU-ecc6a1f9-42fe-2932-7ea0-1dd285491b7b, 5, 0, 405, 28, 25.85
2026/09/08 21:15:50.687, GPU-ecc6a1f9-42fe-2932-7ea0-1dd285491b7b, 5, 0, 405, 28, 26.09
2026/09/08 21:15:50.891, GPU-ecc6a1f9-42fe-2932-7ea0-1dd285491b7b, 5, 0, 405, 28, 25.85
2026/09/08 21:15:51.094, GPU-ecc6a1f9-42fe-2932-7ea0-1dd285491b7b, 5, 0, 405, 28, 25.85
2026/09/08 21:15:51.298, GPU-ecc6a1f9-42fe-2932-7ea0-1dd285491b7b, 5, 0, 405, 28, 26.09
2026/09/08 21:15:51.503, GPU-ecc6a1f9-42fe-2932-7ea0-1dd285491b7b, 5, 0, 405, 28, 25.85
2026/09/08 21:15:51.707, GPU-ecc6a1f9-42fe-2932-7ea0-1dd285491b7b, 5, 0, 405, 28, 26.09
2026/09/08 21:15:51.911, GPU-ecc6a1f9-42fe-2932-7ea0-1dd285491b7b, 5, 0, 405, 28, 25.85
2026/09/08 21:15:52.114, GPU-ecc6a1f9-42fe-2932-7ea0-1dd285491b7b, 5, 0, 405, 28, 25.85
2026/09/08 21:15:52.318, GPU-ecc6a1f9-42fe-2932-7ea0-1dd285491b7b, 5, 0, 405, 28, 26.09
2026/09/08 21:15:52.523, GPU-ecc6a1f9-42fe-2932-7ea0-1dd285491b7b, 5, 0, 405, 28, 25.85
2026/09/08 21:15:52.727, GPU-ecc6a1f9-42fe-2932-7ea0-1dd285491b7b, 5, 0, 405, 28, 25.85
2026/09/08 21:15:52.930, GPU-ecc6a1f9-42fe-2932-7ea0-1dd285491b7b, 5, 0, 405, 28, 26.09
2026/09/08 21:15:53.134, GPU-ecc6a1f9-42fe-2932-7ea0-1dd285491b7b, 5, 0, 405, 28, 25.85
2026/09/08 21:15:53.337, GPU-ecc6a1f9-42fe-2932-7ea0-1dd285491b7b, 5, 0, 405, 28, 25.85
2026/09/08 21:15:53.542, GPU-ecc6a1f9-42fe-2932-7ea0-1dd285491b7b, 5, 0, 405, 28, 25.85
2026/09/08 21:15:53.746, GPU-ecc6a1f9-42fe-2932-7ea0-1dd285491b7b, 5, 0, 405, 28, 25.85
2026/09/08 21:15:53.949, GPU-ecc6a1f9-42fe-2932-7ea0-1dd285491b7b, 5, 0, 405, 28, 25.85
2026/09/08 21:15:54.153, GPU-ecc6a1f9-42fe-2932-7ea0-1dd285491b7b, 5, 0, 405, 28, 25.85
2026/09/08 21:15:54.356, GPU-ecc6a1f9-42fe-2932-7ea0-1dd285491b7b, 5, 0, 405, 28, 25.85
2026/09/08 21:15:54.562, GPU-ecc6a1f9-42fe-2932-7ea0-1dd285491b7b, 5, 0, 405, 28, 25.85
2026/09/08 21:15:54.765, GPU-ecc6a1f9-42fe-2932-7ea0-1dd285491b7b, 5, 0, 405, 28, 25.85
2026/09/08 21:15:54.969, GPU-ecc6a1f9-42fe-2932-7ea0-1dd285491b7b, 5, 0, 405, 28, 26.09
2026/09/08 21:15:55.172, GPU-ecc6a1f9-42fe-2932-7ea0-1dd285491b7b, 5, 0, 405, 28, 25.85
2026/09/08 21:15:55.376, GPU-ecc6a1f9-42fe-2932-7ea0-1dd285491b7b, 5, 0, 405, 28, 25.85
2026/09/08 21:15:55.581, GPU-ecc6a1f9-42fe-2932-7ea0-1dd285491b7b, 5, 0, 405, 28, 26.09
2026/09/08 21:15:55.785, GPU-ecc6a1f9-42fe-2932-7ea0-1dd285491b7b, 5, 0, 405, 28, 25.85
2026/09/08 21:15:55.989, GPU-ecc6a1f9-42fe-2932-7ea0-1dd285491b7b, 5, 0, 405, 28, 25.85
2026/09/08 21:15:56.192, GPU-ecc6a1f9-42fe-2932-7ea0-1dd285491b7b, 5, 0, 405, 28, 25.85
2026/09/08 21:15:56.396, GPU-ecc6a1f9-42fe-2932-7ea0-1dd285491b7b, 5, 0, 405, 28, 25.85
2026/09/08 21:15:56.601, GPU-ecc6a1f9-42fe-2932-7ea0-1dd285491b7b, 5, 0, 405, 28, 25.85
2026/09/08 21:15:56.805, GPU-ecc6a1f9-42fe-2932-7ea0-1dd285491b7b, 5, 0, 405, 28, 25.85
2026/09/08 21:15:57.008, GPU-ecc6a1f9-42fe-2932-7ea0-1dd285491b7b, 5, 0, 405, 28, 25.85
2026/09/08 21:15:57.212, GPU-ecc6a1f9-42fe-2932-7ea0-1dd285491b7b, 5, 0, 405, 28, 25.85
2026/09/08 21:15:57.415, GPU-ecc6a1f9-42fe-2932-7ea0-1dd285491b7b, 5, 0, 405, 28, 25.85
2026/09/08 21:15:57.620, GPU-ecc6a1f9-42fe-2932-7ea0-1dd285491b7b, 5, 0, 405, 28, 25.85
2026/09/08 21:15:57.824, GPU-ecc6a1f9-42fe-2932-7ea0-1dd285491b7b, 5, 0, 405, 28, 25.85
2026/09/08 21:15:58.027, GPU-ecc6a1f9-42fe-2932-7ea0-1dd285491b7b, 5, 0, 405, 28, 25.85
2026/09/08 21:15:58.231, GPU-ecc6a1f9-42fe-2932-7ea0-1dd285491b7b, 5, 0, 405, 28, 26.09
2026/09/08 21:15:58.435, GPU-ecc6a1f9-42fe-2932-7ea0-1dd285491b7b, 5, 0, 405, 28, 25.85
2026/09/08 21:15:58.640, GPU-ecc6a1f9-42fe-2932-7ea0-1dd285491b7b, 5, 0, 405, 28, 25.85
2026/09/08 21:15:58.843, GPU-ecc6a1f9-42fe-2932-7ea0-1dd285491b7b, 5, 0, 405, 28, 26.09
2026/09/08 21:15:59.047, GPU-ecc6a1f9-42fe-2932-7ea0-1dd285491b7b, 5, 0, 405, 28, 26.09
2026/09/08 21:15:59.250, GPU-ecc6a1f9-42fe-2932-7ea0-1dd285491b7b, 5, 0, 405, 28, 25.85
2026/09/08 21:15:59.454, GPU-ecc6a1f9-42fe-2932-7ea0-1dd285491b7b, 5, 0, 405, 28, 26.09
2026/09/08 21:15:59.659, GPU-ecc6a1f9-42fe-2932-7ea0-1dd285491b7b, 5, 0, 405, 28, 26.09
2026/09/08 21:15:59.863, GPU-ecc6a1f9-42fe-2932-7ea0-1dd285491b7b, 5, 0, 405, 28, 26.09
2026/09/08 21:16:00.066, GPU-ecc6a1f9-42fe-2932-7ea0-1dd285491b7b, 5, 0, 405, 28, 26.09
2026/09/08 21:16:00.270, GPU-ecc6a1f9-42fe-2932-7ea0-1dd285491b7b, 5, 0, 405, 28, 26.09
2026/09/08 21:16:00.473, GPU-ecc6a1f9-42fe-2932-7ea0-1dd285491b7b, 5, 0, 405, 28, 25.85
2026/09/08 21:16:00.678, GPU-ecc6a1f9-42fe-2932-7ea0-1dd285491b7b, 5, 0, 405, 28, 25.85
2026/09/08 21:16:00.882, GPU-ecc6a1f9-42fe-2932-7ea0-1dd285491b7b, 5, 0, 405, 28, 25.85
2026/09/08 21:16:01.085, GPU-ecc6a1f9-42fe-2932-7ea0-1dd285491b7b, 5, 0, 405, 28, 25.85
2026/09/08 21:16:01.289, GPU-ecc6a1f9-42fe-2932-7ea0-1dd285491b7b, 5, 0, 405, 28, 25.85
2026/09/08 21:16:01.492, GPU-ecc6a1f9-42fe-2932-7ea0-1dd285491b7b, 5, 0, 405, 28, 25.85
2026/09/08 21:16:01.698, GPU-ecc6a1f9-42fe-2932-7ea0-1dd285491b7b, 5, 0, 405, 28, 25.85
2026/09/08 21:16:01.901, GPU-ecc6a1f9-42fe-2932-7ea0-1dd285491b7b, 5, 0, 405, 28, 26.09
2026/09/08 21:16:02.105, GPU-ecc6a1f9-42fe-2932-7ea0-1dd285491b7b, 5, 0, 405, 28, 25.85
2026/09/08 21:16:02.308, GPU-ecc6a1f9-42fe-2932-7ea0-1dd285491b7b, 5, 0, 405, 28, 25.85
2026/09/08 21:16:02.512, GPU-ecc6a1f9-42fe-2932-7ea0-1dd285491b7b, 5, 0, 405, 28, 26.09
2026/09/08 21:16:02.717, GPU-ecc6a1f9-42fe-2932-7ea0-1dd285491b7b, 5, 0, 405, 28, 26.09
2026/09/08 21:16:02.921, GPU-ecc6a1f9-42fe-2932-7ea0-1dd285491b7b, 5, 0, 405, 28, 25.85
2026/09/08 21:16:03.124, GPU-ecc6a1f9-42fe-2932-7ea0-1dd285491b7b, 5, 0, 405, 28, 25.85
2026/09/08 21:16:03.328, GPU-ecc6a1f9-42fe-2932-7ea0-1dd285491b7b, 5, 0, 405, 28, 26.09
2026/09/08 21:16:03.532, GPU-ecc6a1f9-42fe-2932-7ea0-1dd285491b7b, 5, 0, 405, 28, 26.09
2026/09/08 21:16:03.737, GPU-ecc6a1f9-42fe-2932-7ea0-1dd285491b7b, 5, 0, 405, 28, 25.85
2026/09/08 21:16:03.941, GPU-ecc6a1f9-42fe-2932-7ea0-1dd285491b7b, 5, 0, 405, 28, 26.09
2026/09/08 21:16:04.144, GPU-ecc6a1f9-42fe-2932-7ea0-1dd285491b7b, 5, 0, 405, 28, 26.09
2026/09/08 21:16:04.348, GPU-ecc6a1f9-42fe-2932-7ea0-1dd285491b7b, 5, 0, 405, 28, 26.09
2026/09/08 21:16:04.551, GPU-ecc6a1f9-42fe-2932-7ea0-1dd285491b7b, 5, 0, 405, 28, 26.09
2026/09/08 21:16:04.756, GPU-ecc6a1f9-42fe-2932-7ea0-1dd285491b7b, 5, 0, 405, 28, 26.09
2026/09/08 21:16:04.960, GPU-ecc6a1f9-42fe-2932-7ea0-1dd285491b7b, 5, 0, 405, 28, 25.85
2026/09/08 21:16:05.164, GPU-ecc6a1f9-42fe-2932-7ea0-1dd285491b7b, 5, 0, 405, 28, 26.09
2026/09/08 21:16:05.367, GPU-ecc6a1f9-42fe-2932-7ea0-1dd285491b7b, 5, 0, 405, 28, 26.09
2026/09/08 21:16:05.571, GPU-ecc6a1f9-42fe-2932-7ea0-1dd285491b7b, 5, 0, 405, 28, 26.09
2026/09/08 21:16:05.776, GPU-ecc6a1f9-42fe-2932-7ea0-1dd285491b7b, 5, 0, 405, 28, 26.09
2026/09/08 21:16:05.979, GPU-ecc6a1f9-42fe-2932-7ea0-1dd285491b7b, 5, 0, 405, 28, 26.09
2026/09/08 21:16:06.184, GPU-ecc6a1f9-42fe-2932-7ea0-1dd285491b7b, 5, 0, 405, 28, 26.09
2026/09/08 21:16:06.387, GPU-ecc6a1f9-42fe-2932-7ea0-1dd285491b7b, 5, 0, 405, 28, 26.09
2026/09/08 21:16:06.591, GPU-ecc6a1f9-42fe-2932-7ea0-1dd285491b7b, 5, 0, 405, 28, 26.09
2026/09/08 21:16:06.796, GPU-ecc6a1f9-42fe-2932-7ea0-1dd285491b7b, 5, 0, 405, 28, 25.85
2026/09/08 21:16:07.000, GPU-ecc6a1f9-42fe-2932-7ea0-1dd285491b7b, 5, 0, 405, 28, 26.09
2026/09/08 21:16:07.203, GPU-ecc6a1f9-42fe-2932-7ea0-1dd285491b7b, 5, 0, 405, 28, 25.85
2026/09/08 21:16:07.407, GPU-ecc6a1f9-42fe-2932-7ea0-1dd285491b7b, 5, 0, 405, 28, 26.09
2026/09/08 21:16:07.610, GPU-ecc6a1f9-42fe-2932-7ea0-1dd285491b7b, 5, 0, 405, 28, 26.09
2026/09/08 21:16:07.816, GPU-ecc6a1f9-42fe-2932-7ea0-1dd285491b7b, 5, 0, 405, 28, 26.09
2026/09/08 21:16:08.019, GPU-ecc6a1f9-42fe-2932-7ea0-1dd285491b7b, 5, 0, 405, 28, 26.09
2026/09/08 21:16:08.223, GPU-ecc6a1f9-42fe-2932-7ea0-1dd285491b7b, 5, 0, 405, 28, 26.09
2026/09/08 21:16:08.426, GPU-ecc6a1f9-42fe-2932-7ea0-1dd285491b7b, 5, 0, 405, 28, 26.09
2026/09/08 21:16:08.630, GPU-ecc6a1f9-42fe-2932-7ea0-1dd285491b7b, 5, 0, 405, 28, 26.09
2026/09/08 21:16:08.836, GPU-ecc6a1f9-42fe-2932-7ea0-1dd285491b7b, 5, 0, 405, 28, 25.85
2026/09/08 21:16:09.039, GPU-ecc6a1f9-42fe-2932-7ea0-1dd285491b7b, 5, 0, 405, 28, 26.09
2026/09/08 21:16:09.243, GPU-ecc6a1f9-42fe-2932-7ea0-1dd285491b7b, 5, 0, 405, 28, 25.85
2026/09/08 21:16:09.447, GPU-ecc6a1f9-42fe-2932-7ea0-1dd285491b7b, 5, 0, 405, 28, 25.85
2026/09/08 21:16:09.650, GPU-ecc6a1f9-42fe-2932-7ea0-1dd285491b7b, 5, 0, 405, 28, 25.85
2026/09/08 21:16:09.854, GPU-ecc6a1f9-42fe-2932-7ea0-1dd285491b7b, 5, 0, 405, 28, 26.09
2026/09/08 21:16:10.058, GPU-ecc6a1f9-42fe-2932-7ea0-1dd285491b7b, 5, 0, 405, 28, 25.85
2026/09/08 21:16:10.261, GPU-ecc6a1f9-42fe-2932-7ea0-1dd285491b7b, 5, 0, 405, 28, 26.09
2026/09/08 21:16:10.465, GPU-ecc6a1f9-42fe-2932-7ea0-1dd285491b7b, 5, 0, 405, 28, 25.85
2026/09/08 21:16:10.668, GPU-ecc6a1f9-42fe-2932-7ea0-1dd285491b7b, 5, 0, 405, 28, 25.85
2026/09/08 21:16:10.872, GPU-ecc6a1f9-42fe-2932-7ea0-1dd285491b7b, 5, 0, 405, 28, 25.85
2026/09/08 21:16:11.075, GPU-ecc6a1f9-42fe-2932-7ea0-1dd285491b7b, 5, 0, 405, 28, 25.85
2026/09/08 21:16:11.281, GPU-ecc6a1f9-42fe-2932-7ea0-1dd285491b7b, 5, 0, 405, 28, 26.09
2026/09/08 21:16:11.484, GPU-ecc6a1f9-42fe-2932-7ea0-1dd285491b7b, 5, 0, 405, 28, 26.09
2026/09/08 21:16:11.688, GPU-ecc6a1f9-42fe-2932-7ea0-1dd285491b7b, 5, 0, 405, 28, 25.85
2026/09/08 21:16:11.891, GPU-ecc6a1f9-42fe-2932-7ea0-1dd285491b7b, 5, 0, 405, 28, 25.85
2026/09/08 21:16:12.095, GPU-ecc6a1f9-42fe-2932-7ea0-1dd285491b7b, 5, 0, 405, 28, 26.09
2026/09/08 21:16:12.299, GPU-ecc6a1f9-42fe-2932-7ea0-1dd285491b7b, 5, 0, 405, 28, 26.09
2026/09/08 21:16:12.504, GPU-ecc6a1f9-42fe-2932-7ea0-1dd285491b7b, 5, 0, 405, 28, 25.85
2026/09/08 21:16:12.707, GPU-ecc6a1f9-42fe-2932-7ea0-1dd285491b7b, 5, 0, 405, 28, 25.85
2026/09/08 21:16:12.911, GPU-ecc6a1f9-42fe-2932-7ea0-1dd285491b7b, 5, 0, 405, 28, 25.85
2026/09/08 21:16:13.114, GPU-ecc6a1f9-42fe-2932-7ea0-1dd285491b7b, 5, 0, 405, 28, 26.09
2026/09/08 21:16:13.318, GPU-ecc6a1f9-42fe-2932-7ea0-1dd285491b7b, 5, 0, 405, 28, 25.85
2026/09/08 21:16:13.524, GPU-ecc6a1f9-42fe-2932-7ea0-1dd285491b7b, 5, 0, 405, 28, 25.85
2026/09/08 21:16:13.727, GPU-ecc6a1f9-42fe-2932-7ea0-1dd285491b7b, 5, 0, 405, 28, 25.85
2026/09/08 21:16:13.931, GPU-ecc6a1f9-42fe-2932-7ea0-1dd285491b7b, 5, 0, 405, 28, 25.85
2026/09/08 21:16:14.134, GPU-ecc6a1f9-42fe-2932-7ea0-1dd285491b7b, 5, 0, 405, 28, 26.09
2026/09/08 21:16:14.338, GPU-ecc6a1f9-42fe-2932-7ea0-1dd285491b7b, 5, 0, 405, 28, 26.09
2026/09/08 21:16:14.543, GPU-ecc6a1f9-42fe-2932-7ea0-1dd285491b7b, 5, 0, 405, 28, 26.09
2026/09/08 21:16:14.747, GPU-ecc6a1f9-42fe-2932-7ea0-1dd285491b7b, 5, 0, 405, 28, 26.09
2026/09/08 21:16:14.951, GPU-ecc6a1f9-42fe-2932-7ea0-1dd285491b7b, 5, 0, 405, 28, 26.09
2026/09/08 21:16:15.154, GPU-ecc6a1f9-42fe-2932-7ea0-1dd285491b7b, 5, 0, 405, 28, 26.09
2026/09/08 21:16:15.358, GPU-ecc6a1f9-42fe-2932-7ea0-1dd285491b7b, 5, 0, 405, 28, 26.09
2026/09/08 21:16:15.563, GPU-ecc6a1f9-42fe-2932-7ea0-1dd285491b7b, 5, 0, 405, 28, 25.85
2026/09/08 21:16:15.766, GPU-ecc6a1f9-42fe-2932-7ea0-1dd285491b7b, 5, 0, 405, 28, 26.09
2026/09/08 21:16:15.970, GPU-ecc6a1f9-42fe-2932-7ea0-1dd285491b7b, 5, 0, 405, 28, 25.85
2026/09/08 21:16:16.173, GPU-ecc6a1f9-42fe-2932-7ea0-1dd285491b7b, 5, 0, 405, 28, 26.09
2026/09/08 21:16:16.377, GPU-ecc6a1f9-42fe-2932-7ea0-1dd285491b7b, 5, 0, 405, 28, 26.09
2026/09/08 21:16:16.582, GPU-ecc6a1f9-42fe-2932-7ea0-1dd285491b7b, 5, 0, 405, 28, 26.09
2026/09/08 21:16:16.785, GPU-ecc6a1f9-42fe-2932-7ea0-1dd285491b7b, 5, 0, 405, 28, 25.85
2026/09/08 21:16:16.989, GPU-ecc6a1f9-42fe-2932-7ea0-1dd285491b7b, 5, 0, 405, 28, 25.85
2026/09/08 21:16:17.192, GPU-ecc6a1f9-42fe-2932-7ea0-1dd285491b7b, 5, 0, 405, 28, 25.85
2026/09/08 21:16:17.396, GPU-ecc6a1f9-42fe-2932-7ea0-1dd285491b7b, 5, 0, 405, 28, 26.09
2026/09/08 21:16:17.601, GPU-ecc6a1f9-42fe-2932-7ea0-1dd285491b7b, 5, 0, 405, 28, 25.85
2026/09/08 21:16:17.805, GPU-ecc6a1f9-42fe-2932-7ea0-1dd285491b7b, 5, 0, 405, 28, 26.09
2026/09/08 21:16:18.009, GPU-ecc6a1f9-42fe-2932-7ea0-1dd285491b7b, 5, 0, 405, 28, 25.85
2026/09/08 21:16:18.212, GPU-ecc6a1f9-42fe-2932-7ea0-1dd285491b7b, 5, 0, 405, 28, 26.09
2026/09/08 21:16:18.416, GPU-ecc6a1f9-42fe-2932-7ea0-1dd285491b7b, 5, 0, 405, 28, 26.09
2026/09/08 21:16:18.621, GPU-ecc6a1f9-42fe-2932-7ea0-1dd285491b7b, 5, 0, 405, 28, 26.09
2026/09/08 21:16:18.825, GPU-ecc6a1f9-42fe-2932-7ea0-1dd285491b7b, 5, 0, 405, 28, 26.09
2026/09/08 21:16:19.028, GPU-ecc6a1f9-42fe-2932-7ea0-1dd285491b7b, 5, 0, 405, 28, 26.09
2026/09/08 21:16:19.232, GPU-ecc6a1f9-42fe-2932-7ea0-1dd285491b7b, 5, 0, 405, 28, 26.09
2026/09/08 21:16:19.435, GPU-ecc6a1f9-42fe-2932-7ea0-1dd285491b7b, 5, 0, 405, 28, 25.85
2026/09/08 21:16:19.640, GPU-ecc6a1f9-42fe-2932-7ea0-1dd285491b7b, 5, 0, 405, 28, 25.85
2026/09/08 21:16:19.844, GPU-ecc6a1f9-42fe-2932-7ea0-1dd285491b7b, 5, 0, 405, 28, 26.09
2026/09/08 21:16:20.048, GPU-ecc6a1f9-42fe-2932-7ea0-1dd285491b7b, 5, 0, 405, 28, 25.85
2026/09/08 21:16:20.251, GPU-ecc6a1f9-42fe-2932-7ea0-1dd285491b7b, 5, 0, 405, 28, 25.85
2026/09/08 21:16:20.455, GPU-ecc6a1f9-42fe-2932-7ea0-1dd285491b7b, 5, 0, 405, 28, 26.09
2026/09/08 21:16:20.660, GPU-ecc6a1f9-42fe-2932-7ea0-1dd285491b7b, 5, 0, 405, 28, 26.09
2026/09/08 21:16:20.863, GPU-ecc6a1f9-42fe-2932-7ea0-1dd285491b7b, 5, 0, 405, 28, 25.85
2026/09/08 21:16:21.067, GPU-ecc6a1f9-42fe-2932-7ea0-1dd285491b7b, 5, 0, 405, 28, 25.85
2026/09/08 21:16:21.270, GPU-ecc6a1f9-42fe-2932-7ea0-1dd285491b7b, 5, 0, 405, 28, 25.85
2026/09/08 21:16:21.474, GPU-ecc6a1f9-42fe-2932-7ea0-1dd285491b7b, 5, 0, 405, 28, 25.85
2026/09/08 21:16:21.679, GPU-ecc6a1f9-42fe-2932-7ea0-1dd285491b7b, 5, 0, 405, 28, 25.85
2026/09/08 21:16:21.883, GPU-ecc6a1f9-42fe-2932-7ea0-1dd285491b7b, 5, 0, 405, 28, 26.09
2026/09/08 21:16:22.086, GPU-ecc6a1f9-42fe-2932-7ea0-1dd285491b7b, 5, 0, 405, 28, 26.09
2026/09/08 21:16:22.291, GPU-ecc6a1f9-42fe-2932-7ea0-1dd285491b7b, 5, 0, 405, 28, 26.09
2026/09/08 21:16:22.495, GPU-ecc6a1f9-42fe-2932-7ea0-1dd285491b7b, 5, 0, 405, 28, 26.09
2026/09/08 21:16:22.699, GPU-ecc6a1f9-42fe-2932-7ea0-1dd285491b7b, 5, 0, 405, 28, 26.09
2026/09/08 21:16:22.902, GPU-ecc6a1f9-42fe-2932-7ea0-1dd285491b7b, 5, 0, 405, 28, 25.85
2026/09/08 21:16:23.106, GPU-ecc6a1f9-42fe-2932-7ea0-1dd285491b7b, 5, 0, 405, 28, 25.85
2026/09/08 21:16:23.309, GPU-ecc6a1f9-42fe-2932-7ea0-1dd285491b7b, 5, 0, 405, 28, 25.85
2026/09/08 21:16:23.513, GPU-ecc6a1f9-42fe-2932-7ea0-1dd285491b7b, 5, 0, 405, 28, 26.09
2026/09/08 21:16:23.718, GPU-ecc6a1f9-42fe-2932-7ea0-1dd285491b7b, 5, 0, 405, 28, 25.85
2026/09/08 21:16:23.922, GPU-ecc6a1f9-42fe-2932-7ea0-1dd285491b7b, 5, 0, 405, 28, 25.85
2026/09/08 21:16:24.125, GPU-ecc6a1f9-42fe-2932-7ea0-1dd285491b7b, 5, 0, 405, 28, 26.09
2026/09/08 21:16:24.329, GPU-ecc6a1f9-42fe-2932-7ea0-1dd285491b7b, 5, 0, 405, 28, 26.09
2026/09/08 21:16:24.532, GPU-ecc6a1f9-42fe-2932-7ea0-1dd285491b7b, 5, 0, 405, 28, 26.09
2026/09/08 21:16:24.738, GPU-ecc6a1f9-42fe-2932-7ea0-1dd285491b7b, 5, 0, 405, 28, 26.09
2026/09/08 21:16:24.941, GPU-ecc6a1f9-42fe-2932-7ea0-1dd285491b7b, 5, 0, 405, 28, 26.09
2026/09/08 21:16:25.145, GPU-ecc6a1f9-42fe-2932-7ea0-1dd285491b7b, 5, 0, 405, 28, 26.09
2026/09/08 21:16:25.348, GPU-ecc6a1f9-42fe-2932-7ea0-1dd285491b7b, 5, 0, 405, 28, 26.09
2026/09/08 21:16:25.552, GPU-ecc6a1f9-42fe-2932-7ea0-1dd285491b7b, 5, 0, 405, 28, 26.09
2026/09/08 21:16:25.757, GPU-ecc6a1f9-42fe-2932-7ea0-1dd285491b7b, 5, 0, 405, 28, 25.85
2026/09/08 21:16:25.961, GPU-ecc6a1f9-42fe-2932-7ea0-1dd285491b7b, 5, 0, 405, 28, 26.09
2026/09/08 21:16:26.164, GPU-ecc6a1f9-42fe-2932-7ea0-1dd285491b7b, 5, 0, 405, 28, 26.09
2026/09/08 21:16:26.368, GPU-ecc6a1f9-42fe-2932-7ea0-1dd285491b7b, 5, 0, 405, 28, 26.09
2026/09/08 21:16:26.571, GPU-ecc6a1f9-42fe-2932-7ea0-1dd285491b7b, 5, 0, 405, 28, 26.09
2026/09/08 21:16:26.777, GPU-ecc6a1f9-42fe-2932-7ea0-1dd285491b7b, 5, 0, 405, 28, 26.09
2026/09/08 21:16:26.980, GPU-ecc6a1f9-42fe-2932-7ea0-1dd285491b7b, 5, 0, 405, 28, 26.09
2026/09/08 21:16:27.184, GPU-ecc6a1f9-42fe-2932-7ea0-1dd285491b7b, 5, 0, 405, 28, 26.09
2026/09/08 21:16:27.387, GPU-ecc6a1f9-42fe-2932-7ea0-1dd285491b7b, 5, 0, 405, 28, 26.09
2026/09/08 21:16:27.591, GPU-ecc6a1f9-42fe-2932-7ea0-1dd285491b7b, 5, 0, 405, 28, 25.85
2026/09/08 21:16:27.796, GPU-ecc6a1f9-42fe-2932-7ea0-1dd285491b7b, 5, 0, 405, 28, 25.85
2026/09/08 21:16:28.000, GPU-ecc6a1f9-42fe-2932-7ea0-1dd285491b7b, 5, 0, 405, 28, 26.09
2026/09/08 21:16:28.203, GPU-ecc6a1f9-42fe-2932-7ea0-1dd285491b7b, 5, 0, 405, 28, 25.85
2026/09/08 21:16:28.407, GPU-ecc6a1f9-42fe-2932-7ea0-1dd285491b7b, 5, 0, 405, 28, 26.09
2026/09/08 21:16:28.611, GPU-ecc6a1f9-42fe-2932-7ea0-1dd285491b7b, 5, 0, 405, 28, 26.09
2026/09/08 21:16:28.816, GPU-ecc6a1f9-42fe-2932-7ea0-1dd285491b7b, 5, 0, 405, 28, 26.09
2026/09/08 21:16:29.020, GPU-ecc6a1f9-42fe-2932-7ea0-1dd285491b7b, 5, 0, 405, 28, 26.09
2026/09/08 21:16:29.223, GPU-ecc6a1f9-42fe-2932-7ea0-1dd285491b7b, 5, 0, 405, 28, 25.85
2026/09/08 21:16:29.427, GPU-ecc6a1f9-42fe-2932-7ea0-1dd285491b7b, 5, 0, 405, 28, 26.09
2026/09/08 21:16:29.630, GPU-ecc6a1f9-42fe-2932-7ea0-1dd285491b7b, 5, 0, 405, 28, 26.09
2026/09/08 21:16:29.836, GPU-ecc6a1f9-42fe-2932-7ea0-1dd285491b7b, 5, 0, 405, 28, 25.85
2026/09/08 21:16:30.039, GPU-ecc6a1f9-42fe-2932-7ea0-1dd285491b7b, 5, 0, 405, 28, 26.09
2026/09/08 21:16:30.243, GPU-ecc6a1f9-42fe-2932-7ea0-1dd285491b7b, 5, 0, 405, 28, 26.09
2026/09/08 21:16:30.446, GPU-ecc6a1f9-42fe-2932-7ea0-1dd285491b7b, 7, 0, 405, 28, 26.09
2026/09/08 21:16:30.650, GPU-ecc6a1f9-42fe-2932-7ea0-1dd285491b7b, 7, 0, 405, 28, 26.09
2026/09/08 21:16:30.856, GPU-ecc6a1f9-42fe-2932-7ea0-1dd285491b7b, 15, 0, 405, 28, 26.09
2026/09/08 21:16:31.125, GPU-ecc6a1f9-42fe-2932-7ea0-1dd285491b7b, 787, 13, 1189, 29, 43.35
2026/09/08 21:16:31.329, GPU-ecc6a1f9-42fe-2932-7ea0-1dd285491b7b, 787, 32, 1189, 28, 31.68
2026/09/08 21:16:31.535, GPU-ecc6a1f9-42fe-2932-7ea0-1dd285491b7b, 787, 25, 1189, 29, 31.92
2026/09/08 21:16:31.739, GPU-ecc6a1f9-42fe-2932-7ea0-1dd285491b7b, 787, 16, 1189, 28, 33.87
2026/09/08 21:16:31.943, GPU-ecc6a1f9-42fe-2932-7ea0-1dd285491b7b, 1057, 15, 1189, 28, 31.68
2026/09/08 21:16:32.146, GPU-ecc6a1f9-42fe-2932-7ea0-1dd285491b7b, 1057, 5, 1189, 28, 31.44
2026/09/08 21:16:32.350, GPU-ecc6a1f9-42fe-2932-7ea0-1dd285491b7b, 1057, 0, 1189, 28, 31.70
2026/09/08 21:16:32.555, GPU-ecc6a1f9-42fe-2932-7ea0-1dd285491b7b, 1057, 0, 1189, 28, 31.44
2026/09/08 21:16:32.758, GPU-ecc6a1f9-42fe-2932-7ea0-1dd285491b7b, 1057, 0, 1189, 28, 31.45
2026/09/08 21:16:32.962, GPU-ecc6a1f9-42fe-2932-7ea0-1dd285491b7b, 1057, 0, 1189, 28, 31.44
2026/09/08 21:16:33.165, GPU-ecc6a1f9-42fe-2932-7ea0-1dd285491b7b, 1057, 0, 1189, 28, 31.44
2026/09/08 21:16:33.369, GPU-ecc6a1f9-42fe-2932-7ea0-1dd285491b7b, 1057, 53, 1316, 29, 148.78
2026/09/08 21:16:33.579, GPU-ecc6a1f9-42fe-2932-7ea0-1dd285491b7b, 1057, 30, 1316, 30, 72.93
2026/09/08 21:16:33.783, GPU-ecc6a1f9-42fe-2932-7ea0-1dd285491b7b, 1057, 50, 1328, 29, 143.05
2026/09/08 21:16:33.987, GPU-ecc6a1f9-42fe-2932-7ea0-1dd285491b7b, 1057, 40, 1328, 31, 185.21
2026/09/08 21:16:34.190, GPU-ecc6a1f9-42fe-2932-7ea0-1dd285491b7b, 1057, 87, 1328, 32, 191.85
2026/09/08 21:16:34.395, GPU-ecc6a1f9-42fe-2932-7ea0-1dd285491b7b, 1057, 100, 1328, 33, 193.78
2026/09/08 21:16:34.599, GPU-ecc6a1f9-42fe-2932-7ea0-1dd285491b7b, 1057, 100, 1328, 33, 195.23
2026/09/08 21:16:34.802, GPU-ecc6a1f9-42fe-2932-7ea0-1dd285491b7b, 1057, 100, 1328, 34, 186.42
2026/09/08 21:16:35.006, GPU-ecc6a1f9-42fe-2932-7ea0-1dd285491b7b, 1057, 100, 1328, 34, 189.29
2026/09/08 21:16:35.209, GPU-ecc6a1f9-42fe-2932-7ea0-1dd285491b7b, 1057, 100, 1328, 35, 188.81
2026/09/08 21:16:35.413, GPU-ecc6a1f9-42fe-2932-7ea0-1dd285491b7b, 1057, 100, 1328, 35, 194.74
2026/09/08 21:16:35.620, GPU-ecc6a1f9-42fe-2932-7ea0-1dd285491b7b, 1057, 100, 1328, 35, 196.19
2026/09/08 21:16:35.823, GPU-ecc6a1f9-42fe-2932-7ea0-1dd285491b7b, 1057, 100, 1328, 35, 186.91
2026/09/08 21:16:36.027, GPU-ecc6a1f9-42fe-2932-7ea0-1dd285491b7b, 1057, 100, 1328, 35, 43.84
2026/09/08 21:16:36.230, GPU-ecc6a1f9-42fe-2932-7ea0-1dd285491b7b, 1057, 71, 1328, 34, 121.98
2026/09/08 21:16:36.434, GPU-ecc6a1f9-42fe-2932-7ea0-1dd285491b7b, 265, 55, 1328, 33, 38.26
2026/09/08 21:16:36.639, GPU-ecc6a1f9-42fe-2932-7ea0-1dd285491b7b, 5, 20, 1328, 32, 37.29
2026/09/08 21:16:36.843, GPU-ecc6a1f9-42fe-2932-7ea0-1dd285491b7b, 5, 0, 1328, 32, 37.04
2026/09/08 21:16:37.046, GPU-ecc6a1f9-42fe-2932-7ea0-1dd285491b7b, 5, 0, 1328, 31, 36.80
2026/09/08 21:16:37.250, GPU-ecc6a1f9-42fe-2932-7ea0-1dd285491b7b, 5, 0, 1328, 31, 36.80
2026/09/08 21:16:37.453, GPU-ecc6a1f9-42fe-2932-7ea0-1dd285491b7b, 5, 0, 1328, 31, 36.56
2026/09/08 21:16:37.658, GPU-ecc6a1f9-42fe-2932-7ea0-1dd285491b7b, 5, 0, 1328, 31, 35.82
2026/09/08 21:16:37.862, GPU-ecc6a1f9-42fe-2932-7ea0-1dd285491b7b, 5, 0, 1328, 31, 36.07
2026/09/08 21:16:38.065, GPU-ecc6a1f9-42fe-2932-7ea0-1dd285491b7b, 5, 0, 1328, 30, 36.07
2026/09/08 21:16:38.268, GPU-ecc6a1f9-42fe-2932-7ea0-1dd285491b7b, 5, 0, 1328, 30, 36.07
2026/09/08 21:16:38.472, GPU-ecc6a1f9-42fe-2932-7ea0-1dd285491b7b, 5, 0, 1328, 30, 36.07
2026/09/08 21:16:38.678, GPU-ecc6a1f9-42fe-2932-7ea0-1dd285491b7b, 5, 0, 1328, 30, 36.07
2026/09/08 21:16:38.881, GPU-ecc6a1f9-42fe-2932-7ea0-1dd285491b7b, 5, 0, 1328, 30, 36.07
2026/09/08 21:16:39.085, GPU-ecc6a1f9-42fe-2932-7ea0-1dd285491b7b, 5, 0, 835, 30, 29.02
2026/09/08 21:16:39.288, GPU-ecc6a1f9-42fe-2932-7ea0-1dd285491b7b, 5, 0, 835, 30, 28.04
2026/09/08 21:16:39.492, GPU-ecc6a1f9-42fe-2932-7ea0-1dd285491b7b, 5, 0, 835, 30, 27.80
2026/09/08 21:16:39.697, GPU-ecc6a1f9-42fe-2932-7ea0-1dd285491b7b, 5, 0, 835, 30, 27.80
2026/09/08 21:16:39.901, GPU-ecc6a1f9-42fe-2932-7ea0-1dd285491b7b, 5, 0, 835, 30, 27.80
2026/09/08 21:16:40.104, GPU-ecc6a1f9-42fe-2932-7ea0-1dd285491b7b, 5, 0, 835, 30, 27.80
2026/09/08 21:16:40.308, GPU-ecc6a1f9-42fe-2932-7ea0-1dd285491b7b, 5, 0, 835, 30, 27.80
2026/09/08 21:16:40.511, GPU-ecc6a1f9-42fe-2932-7ea0-1dd285491b7b, 5, 0, 835, 30, 27.80
2026/09/08 21:16:40.717, GPU-ecc6a1f9-42fe-2932-7ea0-1dd285491b7b, 5, 0, 835, 30, 27.80
2026/09/08 21:16:40.920, GPU-ecc6a1f9-42fe-2932-7ea0-1dd285491b7b, 5, 0, 835, 30, 27.80
2026/09/08 21:16:41.124, GPU-ecc6a1f9-42fe-2932-7ea0-1dd285491b7b, 5, 0, 835, 30, 27.80
2026/09/08 21:16:41.327, GPU-ecc6a1f9-42fe-2932-7ea0-1dd285491b7b, 5, 0, 835, 30, 27.80
2026/09/08 21:16:41.531, GPU-ecc6a1f9-42fe-2932-7ea0-1dd285491b7b, 7, 0, 835, 30, 27.80
2026/09/08 21:16:41.736, GPU-ecc6a1f9-42fe-2932-7ea0-1dd285491b7b, 7, 0, 405, 30, 27.31
2026/09/08 21:16:41.941, GPU-ecc6a1f9-42fe-2932-7ea0-1dd285491b7b, 17, 0, 1189, 30, 28.28
2026/09/08 21:16:42.148, GPU-ecc6a1f9-42fe-2932-7ea0-1dd285491b7b, 787, 37, 1189, 30, 32.41
2026/09/08 21:16:42.351, GPU-ecc6a1f9-42fe-2932-7ea0-1dd285491b7b, 787, 8, 1189, 30, 37.99
2026/09/08 21:16:42.558, GPU-ecc6a1f9-42fe-2932-7ea0-1dd285491b7b, 787, 24, 1189, 30, 31.92
2026/09/08 21:16:42.761, GPU-ecc6a1f9-42fe-2932-7ea0-1dd285491b7b, 1057, 18, 1189, 30, 31.92
2026/09/08 21:16:42.965, GPU-ecc6a1f9-42fe-2932-7ea0-1dd285491b7b, 1057, 5, 1189, 30, 31.92
2026/09/08 21:16:43.169, GPU-ecc6a1f9-42fe-2932-7ea0-1dd285491b7b, 1057, 0, 1189, 30, 31.92
2026/09/08 21:16:43.372, GPU-ecc6a1f9-42fe-2932-7ea0-1dd285491b7b, 1057, 0, 1189, 30, 31.92
2026/09/08 21:16:43.577, GPU-ecc6a1f9-42fe-2932-7ea0-1dd285491b7b, 1057, 0, 1189, 30, 31.92
2026/09/08 21:16:43.781, GPU-ecc6a1f9-42fe-2932-7ea0-1dd285491b7b, 1057, 0, 1189, 30, 31.92
2026/09/08 21:16:43.984, GPU-ecc6a1f9-42fe-2932-7ea0-1dd285491b7b, 1057, 0, 1189, 30, 31.92
2026/09/08 21:16:44.188, GPU-ecc6a1f9-42fe-2932-7ea0-1dd285491b7b, 1057, 0, 1189, 30, 31.92
2026/09/08 21:16:44.391, GPU-ecc6a1f9-42fe-2932-7ea0-1dd285491b7b, 1057, 15, 1189, 31, 70.79
2026/09/08 21:16:44.597, GPU-ecc6a1f9-42fe-2932-7ea0-1dd285491b7b, 1057, 34, 1316, 31, 35.82
2026/09/08 21:16:44.800, GPU-ecc6a1f9-42fe-2932-7ea0-1dd285491b7b, 1057, 23, 1316, 31, 41.16
2026/09/08 21:16:45.004, GPU-ecc6a1f9-42fe-2932-7ea0-1dd285491b7b, 1057, 44, 1328, 32, 171.32
2026/09/08 21:16:45.208, GPU-ecc6a1f9-42fe-2932-7ea0-1dd285491b7b, 1057, 98, 1328, 33, 167.78
2026/09/08 21:16:45.411, GPU-ecc6a1f9-42fe-2932-7ea0-1dd285491b7b, 1057, 100, 1328, 34, 168.42
2026/09/08 21:16:45.623, GPU-ecc6a1f9-42fe-2932-7ea0-1dd285491b7b, 1057, 100, 1328, 34, 180.23
2026/09/08 21:16:45.826, GPU-ecc6a1f9-42fe-2932-7ea0-1dd285491b7b, 1057, 100, 1328, 35, 180.96
2026/09/08 21:16:46.030, GPU-ecc6a1f9-42fe-2932-7ea0-1dd285491b7b, 1057, 100, 1328, 35, 181.59
2026/09/08 21:16:46.233, GPU-ecc6a1f9-42fe-2932-7ea0-1dd285491b7b, 1057, 100, 1328, 36, 179.27
2026/09/08 21:16:46.437, GPU-ecc6a1f9-42fe-2932-7ea0-1dd285491b7b, 1057, 100, 1328, 36, 177.09
2026/09/08 21:16:46.644, GPU-ecc6a1f9-42fe-2932-7ea0-1dd285491b7b, 1057, 100, 1328, 36, 171.89
2026/09/08 21:16:46.847, GPU-ecc6a1f9-42fe-2932-7ea0-1dd285491b7b, 1057, 100, 1328, 36, 183.77
2026/09/08 21:16:47.051, GPU-ecc6a1f9-42fe-2932-7ea0-1dd285491b7b, 1057, 100, 1328, 36, 183.13
2026/09/08 21:16:47.254, GPU-ecc6a1f9-42fe-2932-7ea0-1dd285491b7b, 1057, 100, 1328, 36, 181.44
2026/09/08 21:16:47.458, GPU-ecc6a1f9-42fe-2932-7ea0-1dd285491b7b, 1057, 100, 1328, 37, 179.51
2026/09/08 21:16:47.663, GPU-ecc6a1f9-42fe-2932-7ea0-1dd285491b7b, 1057, 100, 1328, 37, 174.95
2026/09/08 21:16:47.867, GPU-ecc6a1f9-42fe-2932-7ea0-1dd285491b7b, 1057, 100, 1328, 37, 184.49
2026/09/08 21:16:48.070, GPU-ecc6a1f9-42fe-2932-7ea0-1dd285491b7b, 1057, 100, 1328, 37, 183.77
2026/09/08 21:16:48.274, GPU-ecc6a1f9-42fe-2932-7ea0-1dd285491b7b, 1057, 100, 1328, 37, 182.56
2026/09/08 21:16:48.477, GPU-ecc6a1f9-42fe-2932-7ea0-1dd285491b7b, 1057, 100, 1328, 37, 181.20
2026/09/08 21:16:48.683, GPU-ecc6a1f9-42fe-2932-7ea0-1dd285491b7b, 1057, 100, 1328, 37, 178.06
2026/09/08 21:16:48.887, GPU-ecc6a1f9-42fe-2932-7ea0-1dd285491b7b, 1057, 100, 1328, 37, 49.19
2026/09/08 21:16:49.090, GPU-ecc6a1f9-42fe-2932-7ea0-1dd285491b7b, 1057, 64, 1328, 36, 55.71
2026/09/08 21:16:49.294, GPU-ecc6a1f9-42fe-2932-7ea0-1dd285491b7b, 1057, 53, 1328, 36, 44.81
2026/09/08 21:16:49.497, GPU-ecc6a1f9-42fe-2932-7ea0-1dd285491b7b, 5, 24, 1328, 34, 38.26
2026/09/08 21:16:49.702, GPU-ecc6a1f9-42fe-2932-7ea0-1dd285491b7b, 5, 5, 1328, 34, 37.78
2026/09/08 21:16:49.906, GPU-ecc6a1f9-42fe-2932-7ea0-1dd285491b7b, 5, 0, 1328, 33, 37.29
2026/09/08 21:16:50.109, GPU-ecc6a1f9-42fe-2932-7ea0-1dd285491b7b, 5, 0, 1328, 33, 37.29
2026/09/08 21:16:50.313, GPU-ecc6a1f9-42fe-2932-7ea0-1dd285491b7b, 5, 0, 1328, 33, 37.29
2026/09/08 21:16:50.516, GPU-ecc6a1f9-42fe-2932-7ea0-1dd285491b7b, 5, 0, 1328, 33, 37.29
2026/09/08 21:16:50.722, GPU-ecc6a1f9-42fe-2932-7ea0-1dd285491b7b, 5, 0, 1328, 33, 36.80
2026/09/08 21:16:50.925, GPU-ecc6a1f9-42fe-2932-7ea0-1dd285491b7b, 5, 0, 1328, 33, 36.80
2026/09/08 21:16:51.129, GPU-ecc6a1f9-42fe-2932-7ea0-1dd285491b7b, 5, 0, 1328, 33, 36.80
2026/09/08 21:16:51.332, GPU-ecc6a1f9-42fe-2932-7ea0-1dd285491b7b, 5, 0, 1328, 32, 36.80
2026/09/08 21:16:51.536, GPU-ecc6a1f9-42fe-2932-7ea0-1dd285491b7b, 5, 0, 1328, 32, 36.80
2026/09/08 21:16:51.742, GPU-ecc6a1f9-42fe-2932-7ea0-1dd285491b7b, 5, 0, 1328, 32, 36.80
2026/09/08 21:16:51.945, GPU-ecc6a1f9-42fe-2932-7ea0-1dd285491b7b, 5, 0, 1328, 32, 36.80
2026/09/08 21:16:52.149, GPU-ecc6a1f9-42fe-2932-7ea0-1dd285491b7b, 5, 0, 1328, 32, 36.80
2026/09/08 21:16:52.352, GPU-ecc6a1f9-42fe-2932-7ea0-1dd285491b7b, 5, 0, 1328, 32, 36.80
2026/09/08 21:16:52.556, GPU-ecc6a1f9-42fe-2932-7ea0-1dd285491b7b, 5, 0, 1328, 32, 36.80
2026/09/08 21:16:52.762, GPU-ecc6a1f9-42fe-2932-7ea0-1dd285491b7b, 7, 0, 1328, 32, 36.80
2026/09/08 21:16:52.965, GPU-ecc6a1f9-42fe-2932-7ea0-1dd285491b7b, 15, 0, 1328, 32, 36.80
2026/09/08 21:16:53.234, GPU-ecc6a1f9-42fe-2932-7ea0-1dd285491b7b, 787, 8, 1328, 33, 38.51
2026/09/08 21:16:53.437, GPU-ecc6a1f9-42fe-2932-7ea0-1dd285491b7b, 787, 17, 1328, 33, 175.26
2026/09/08 21:16:53.642, GPU-ecc6a1f9-42fe-2932-7ea0-1dd285491b7b, 787, 13, 1328, 32, 37.04
2026/09/08 21:16:53.845, GPU-ecc6a1f9-42fe-2932-7ea0-1dd285491b7b, 1069, 14, 1328, 32, 36.80
2026/09/08 21:16:54.049, GPU-ecc6a1f9-42fe-2932-7ea0-1dd285491b7b, 1069, 3, 1328, 32, 36.56
2026/09/08 21:16:54.253, GPU-ecc6a1f9-42fe-2932-7ea0-1dd285491b7b, 1069, 0, 1328, 32, 36.80
2026/09/08 21:16:54.456, GPU-ecc6a1f9-42fe-2932-7ea0-1dd285491b7b, 1069, 0, 1328, 32, 36.80
2026/09/08 21:16:54.662, GPU-ecc6a1f9-42fe-2932-7ea0-1dd285491b7b, 1069, 0, 1328, 32, 36.56
2026/09/08 21:16:54.865, GPU-ecc6a1f9-42fe-2932-7ea0-1dd285491b7b, 1069, 0, 1328, 32, 36.80
2026/09/08 21:16:55.069, GPU-ecc6a1f9-42fe-2932-7ea0-1dd285491b7b, 1069, 0, 1328, 32, 36.80
2026/09/08 21:16:55.272, GPU-ecc6a1f9-42fe-2932-7ea0-1dd285491b7b, 1069, 0, 1328, 32, 36.56
2026/09/08 21:16:55.475, GPU-ecc6a1f9-42fe-2932-7ea0-1dd285491b7b, 1069, 65, 1328, 33, 78.48
2026/09/08 21:16:55.681, GPU-ecc6a1f9-42fe-2932-7ea0-1dd285491b7b, 1069, 59, 1328, 33, 37.78
2026/09/08 21:16:55.884, GPU-ecc6a1f9-42fe-2932-7ea0-1dd285491b7b, 1069, 21, 1328, 33, 176.61
2026/09/08 21:16:56.088, GPU-ecc6a1f9-42fe-2932-7ea0-1dd285491b7b, 1069, 75, 1328, 35, 184.97
2026/09/08 21:16:56.291, GPU-ecc6a1f9-42fe-2932-7ea0-1dd285491b7b, 1069, 100, 1328, 36, 185.46
2026/09/08 21:16:56.495, GPU-ecc6a1f9-42fe-2932-7ea0-1dd285491b7b, 1069, 100, 1328, 37, 185.91
2026/09/08 21:16:56.700, GPU-ecc6a1f9-42fe-2932-7ea0-1dd285491b7b, 1069, 100, 1328, 37, 185.94
2026/09/08 21:16:56.904, GPU-ecc6a1f9-42fe-2932-7ea0-1dd285491b7b, 1069, 100, 1328, 37, 185.46
2026/09/08 21:16:57.107, GPU-ecc6a1f9-42fe-2932-7ea0-1dd285491b7b, 1069, 100, 1328, 38, 185.21
2026/09/08 21:16:57.311, GPU-ecc6a1f9-42fe-2932-7ea0-1dd285491b7b, 1069, 100, 1328, 38, 184.97
2026/09/08 21:16:57.514, GPU-ecc6a1f9-42fe-2932-7ea0-1dd285491b7b, 1069, 100, 1328, 38, 185.21
2026/09/08 21:16:57.720, GPU-ecc6a1f9-42fe-2932-7ea0-1dd285491b7b, 1069, 100, 1328, 38, 184.73
2026/09/08 21:16:57.923, GPU-ecc6a1f9-42fe-2932-7ea0-1dd285491b7b, 1069, 100, 1328, 38, 183.77
2026/09/08 21:16:58.127, GPU-ecc6a1f9-42fe-2932-7ea0-1dd285491b7b, 1069, 100, 1328, 39, 184.01
2026/09/08 21:16:58.330, GPU-ecc6a1f9-42fe-2932-7ea0-1dd285491b7b, 1069, 100, 1328, 39, 184.25
2026/09/08 21:16:58.534, GPU-ecc6a1f9-42fe-2932-7ea0-1dd285491b7b, 1069, 100, 1328, 39, 184.49
2026/09/08 21:16:58.737, GPU-ecc6a1f9-42fe-2932-7ea0-1dd285491b7b, 1069, 100, 1328, 39, 186.66
2026/09/08 21:16:58.942, GPU-ecc6a1f9-42fe-2932-7ea0-1dd285491b7b, 1069, 100, 1328, 39, 186.66
2026/09/08 21:16:59.145, GPU-ecc6a1f9-42fe-2932-7ea0-1dd285491b7b, 1069, 100, 1328, 39, 186.42
2026/09/08 21:16:59.349, GPU-ecc6a1f9-42fe-2932-7ea0-1dd285491b7b, 1069, 100, 1328, 39, 186.42
2026/09/08 21:16:59.552, GPU-ecc6a1f9-42fe-2932-7ea0-1dd285491b7b, 1069, 100, 1328, 39, 183.28
2026/09/08 21:16:59.756, GPU-ecc6a1f9-42fe-2932-7ea0-1dd285491b7b, 1069, 100, 1328, 38, 41.89
2026/09/08 21:16:59.959, GPU-ecc6a1f9-42fe-2932-7ea0-1dd285491b7b, 1069, 62, 1328, 38, 170.09
2026/09/08 21:17:00.163, GPU-ecc6a1f9-42fe-2932-7ea0-1dd285491b7b, 265, 55, 1328, 37, 41.89
2026/09/08 21:17:00.369, GPU-ecc6a1f9-42fe-2932-7ea0-1dd285491b7b, 5, 17, 1328, 36, 38.51
2026/09/08 21:17:00.573, GPU-ecc6a1f9-42fe-2932-7ea0-1dd285491b7b, 5, 5, 1328, 36, 38.26
2026/09/08 21:17:00.776, GPU-ecc6a1f9-42fe-2932-7ea0-1dd285491b7b, 5, 0, 1328, 35, 38.02
2026/09/08 21:17:00.980, GPU-ecc6a1f9-42fe-2932-7ea0-1dd285491b7b, 5, 0, 1328, 35, 38.02
2026/09/08 21:17:01.184, GPU-ecc6a1f9-42fe-2932-7ea0-1dd285491b7b, 5, 0, 1328, 35, 37.78
2026/09/08 21:17:01.389, GPU-ecc6a1f9-42fe-2932-7ea0-1dd285491b7b, 5, 0, 1328, 35, 37.78
2026/09/08 21:17:01.592, GPU-ecc6a1f9-42fe-2932-7ea0-1dd285491b7b, 5, 0, 1328, 35, 37.78
2026/09/08 21:17:01.796, GPU-ecc6a1f9-42fe-2932-7ea0-1dd285491b7b, 5, 0, 1328, 35, 37.29
2026/09/08 21:17:01.999, GPU-ecc6a1f9-42fe-2932-7ea0-1dd285491b7b, 5, 0, 1328, 34, 36.80
2026/09/08 21:17:02.203, GPU-ecc6a1f9-42fe-2932-7ea0-1dd285491b7b, 5, 0, 1328, 34, 37.29
2026/09/08 21:17:02.406, GPU-ecc6a1f9-42fe-2932-7ea0-1dd285491b7b, 5, 0, 1328, 34, 37.29
2026/09/08 21:17:02.610, GPU-ecc6a1f9-42fe-2932-7ea0-1dd285491b7b, 5, 0, 1328, 34, 37.04
2026/09/08 21:17:02.816, GPU-ecc6a1f9-42fe-2932-7ea0-1dd285491b7b, 5, 0, 1328, 34, 37.29
2026/09/08 21:17:03.020, GPU-ecc6a1f9-42fe-2932-7ea0-1dd285491b7b, 5, 0, 1328, 34, 37.29
2026/09/08 21:17:03.223, GPU-ecc6a1f9-42fe-2932-7ea0-1dd285491b7b, 5, 0, 1328, 34, 37.29
2026/09/08 21:17:03.427, GPU-ecc6a1f9-42fe-2932-7ea0-1dd285491b7b, 5, 0, 1328, 34, 37.04
2026/09/08 21:17:03.630, GPU-ecc6a1f9-42fe-2932-7ea0-1dd285491b7b, 5, 0, 1328, 34, 37.04
2026/09/08 21:17:03.835, GPU-ecc6a1f9-42fe-2932-7ea0-1dd285491b7b, 7, 0, 1328, 34, 37.04
2026/09/08 21:17:04.039, GPU-ecc6a1f9-42fe-2932-7ea0-1dd285491b7b, 15, 0, 1328, 34, 37.04
2026/09/08 21:17:04.307, GPU-ecc6a1f9-42fe-2932-7ea0-1dd285491b7b, 787, 1, 1328, 35, 38.99
2026/09/08 21:17:04.511, GPU-ecc6a1f9-42fe-2932-7ea0-1dd285491b7b, 787, 0, 1328, 34, 37.29
2026/09/08 21:17:04.715, GPU-ecc6a1f9-42fe-2932-7ea0-1dd285491b7b, 787, 25, 1328, 34, 37.29
2026/09/08 21:17:04.918, GPU-ecc6a1f9-42fe-2932-7ea0-1dd285491b7b, 1069, 12, 1328, 34, 37.77
2026/09/08 21:17:05.122, GPU-ecc6a1f9-42fe-2932-7ea0-1dd285491b7b, 1069, 20, 1328, 34, 37.29
2026/09/08 21:17:05.326, GPU-ecc6a1f9-42fe-2932-7ea0-1dd285491b7b, 1069, 0, 1328, 34, 37.04
2026/09/08 21:17:05.530, GPU-ecc6a1f9-42fe-2932-7ea0-1dd285491b7b, 1069, 0, 1328, 34, 37.29
2026/09/08 21:17:05.735, GPU-ecc6a1f9-42fe-2932-7ea0-1dd285491b7b, 1069, 0, 1328, 34, 37.04
2026/09/08 21:17:05.938, GPU-ecc6a1f9-42fe-2932-7ea0-1dd285491b7b, 1069, 0, 1328, 34, 37.04
2026/09/08 21:17:06.142, GPU-ecc6a1f9-42fe-2932-7ea0-1dd285491b7b, 1069, 0, 1328, 34, 38.26
2026/09/08 21:17:06.345, GPU-ecc6a1f9-42fe-2932-7ea0-1dd285491b7b, 1069, 63, 1328, 35, 43.35
2026/09/08 21:17:06.549, GPU-ecc6a1f9-42fe-2932-7ea0-1dd285491b7b, 1069, 32, 1328, 35, 53.06
2026/09/08 21:17:06.754, GPU-ecc6a1f9-42fe-2932-7ea0-1dd285491b7b, 1069, 48, 1328, 36, 206.91
2026/09/08 21:17:06.957, GPU-ecc6a1f9-42fe-2932-7ea0-1dd285491b7b, 1069, 76, 1328, 37, 211.63
2026/09/08 21:17:07.161, GPU-ecc6a1f9-42fe-2932-7ea0-1dd285491b7b, 1069, 100, 1328, 38, 211.63
2026/09/08 21:17:07.364, GPU-ecc6a1f9-42fe-2932-7ea0-1dd285491b7b, 1069, 100, 1328, 39, 212.12
2026/09/08 21:17:07.568, GPU-ecc6a1f9-42fe-2932-7ea0-1dd285491b7b, 1069, 100, 1328, 39, 212.84
2026/09/08 21:17:07.773, GPU-ecc6a1f9-42fe-2932-7ea0-1dd285491b7b, 1069, 100, 1328, 39, 212.60
2026/09/08 21:17:07.977, GPU-ecc6a1f9-42fe-2932-7ea0-1dd285491b7b, 1069, 100, 1328, 40, 201.14
2026/09/08 21:17:08.180, GPU-ecc6a1f9-42fe-2932-7ea0-1dd285491b7b, 1069, 100, 1328, 40, 210.05
2026/09/08 21:17:08.384, GPU-ecc6a1f9-42fe-2932-7ea0-1dd285491b7b, 1069, 100, 1328, 40, 210.43
2026/09/08 21:17:08.587, GPU-ecc6a1f9-42fe-2932-7ea0-1dd285491b7b, 1069, 100, 1328, 40, 206.91
2026/09/08 21:17:08.791, GPU-ecc6a1f9-42fe-2932-7ea0-1dd285491b7b, 1069, 100, 1328, 41, 226.17
2026/09/08 21:17:08.997, GPU-ecc6a1f9-42fe-2932-7ea0-1dd285491b7b, 1069, 12, 1328, 38, 52.06
2026/09/08 21:17:09.201, GPU-ecc6a1f9-42fe-2932-7ea0-1dd285491b7b, 1069, 63, 1328, 38, 42.87
2026/09/08 21:17:09.404, GPU-ecc6a1f9-42fe-2932-7ea0-1dd285491b7b, 1069, 34, 1328, 37, 45.79
2026/09/08 21:17:09.608, GPU-ecc6a1f9-42fe-2932-7ea0-1dd285491b7b, 265, 48, 1328, 37, 38.75
2026/09/08 21:17:09.811, GPU-ecc6a1f9-42fe-2932-7ea0-1dd285491b7b, 5, 18, 1328, 36, 38.51
2026/09/08 21:17:10.015, GPU-ecc6a1f9-42fe-2932-7ea0-1dd285491b7b, 5, 0, 1328, 36, 38.26
2026/09/08 21:17:10.220, GPU-ecc6a1f9-42fe-2932-7ea0-1dd285491b7b, 5, 0, 1328, 36, 38.02
2026/09/08 21:17:10.424, GPU-ecc6a1f9-42fe-2932-7ea0-1dd285491b7b, 5, 0, 1328, 36, 38.02
2026/09/08 21:17:10.627, GPU-ecc6a1f9-42fe-2932-7ea0-1dd285491b7b, 5, 0, 1328, 35, 38.02
2026/09/08 21:17:10.831, GPU-ecc6a1f9-42fe-2932-7ea0-1dd285491b7b, 5, 0, 1328, 35, 38.02
2026/09/08 21:17:11.034, GPU-ecc6a1f9-42fe-2932-7ea0-1dd285491b7b, 5, 0, 1328, 35, 38.02
2026/09/08 21:17:11.238, GPU-ecc6a1f9-42fe-2932-7ea0-1dd285491b7b, 5, 0, 1328, 35, 38.02
2026/09/08 21:17:11.441, GPU-ecc6a1f9-42fe-2932-7ea0-1dd285491b7b, 5, 0, 1328, 35, 38.02
2026/09/08 21:17:11.646, GPU-ecc6a1f9-42fe-2932-7ea0-1dd285491b7b, 5, 0, 1328, 35, 37.29
2026/09/08 21:17:11.850, GPU-ecc6a1f9-42fe-2932-7ea0-1dd285491b7b, 5, 0, 1328, 35, 37.29
2026/09/08 21:17:12.053, GPU-ecc6a1f9-42fe-2932-7ea0-1dd285491b7b, 5, 0, 1328, 35, 37.29
2026/09/08 21:17:12.257, GPU-ecc6a1f9-42fe-2932-7ea0-1dd285491b7b, 5, 0, 1328, 35, 37.29
2026/09/08 21:17:12.460, GPU-ecc6a1f9-42fe-2932-7ea0-1dd285491b7b, 5, 0, 1328, 35, 37.29
2026/09/08 21:17:12.666, GPU-ecc6a1f9-42fe-2932-7ea0-1dd285491b7b, 5, 0, 1328, 35, 37.29
2026/09/08 21:17:12.870, GPU-ecc6a1f9-42fe-2932-7ea0-1dd285491b7b, 5, 0, 1328, 35, 37.29
2026/09/08 21:17:13.073, GPU-ecc6a1f9-42fe-2932-7ea0-1dd285491b7b, 5, 0, 1328, 35, 37.29
2026/09/08 21:17:13.277, GPU-ecc6a1f9-42fe-2932-7ea0-1dd285491b7b, 5, 0, 1328, 35, 37.29
2026/09/08 21:17:13.480, GPU-ecc6a1f9-42fe-2932-7ea0-1dd285491b7b, 5, 0, 1328, 35, 37.29
2026/09/08 21:17:13.684, GPU-ecc6a1f9-42fe-2932-7ea0-1dd285491b7b, 5, 0, 1328, 35, 37.29
2026/09/08 21:17:13.890, GPU-ecc6a1f9-42fe-2932-7ea0-1dd285491b7b, 5, 0, 1328, 35, 37.29
2026/09/08 21:17:14.093, GPU-ecc6a1f9-42fe-2932-7ea0-1dd285491b7b, 5, 0, 1328, 35, 37.29
2026/09/08 21:17:14.297, GPU-ecc6a1f9-42fe-2932-7ea0-1dd285491b7b, 5, 0, 1328, 35, 37.29
2026/09/08 21:17:14.500, GPU-ecc6a1f9-42fe-2932-7ea0-1dd285491b7b, 5, 0, 1328, 34, 37.29
2026/09/08 21:17:14.704, GPU-ecc6a1f9-42fe-2932-7ea0-1dd285491b7b, 5, 0, 1328, 34, 37.29
2026/09/08 21:17:14.907, GPU-ecc6a1f9-42fe-2932-7ea0-1dd285491b7b, 7, 0, 1328, 34, 37.29
2026/09/08 21:17:15.111, GPU-ecc6a1f9-42fe-2932-7ea0-1dd285491b7b, 7, 0, 1328, 34, 37.29
2026/09/08 21:17:15.316, GPU-ecc6a1f9-42fe-2932-7ea0-1dd285491b7b, 25, 0, 1328, 34, 37.04
2026/09/08 21:17:15.520, GPU-ecc6a1f9-42fe-2932-7ea0-1dd285491b7b, 787, 11, 1328, 35, 37.77
2026/09/08 21:17:15.723, GPU-ecc6a1f9-42fe-2932-7ea0-1dd285491b7b, 787, 9, 1328, 35, 121.01
2026/09/08 21:17:15.927, GPU-ecc6a1f9-42fe-2932-7ea0-1dd285491b7b, 787, 20, 1328, 35, 37.53
2026/09/08 21:17:16.130, GPU-ecc6a1f9-42fe-2932-7ea0-1dd285491b7b, 1069, 13, 1328, 34, 37.53
2026/09/08 21:17:16.337, GPU-ecc6a1f9-42fe-2932-7ea0-1dd285491b7b, 1069, 3, 1328, 34, 37.29
2026/09/08 21:17:16.540, GPU-ecc6a1f9-42fe-2932-7ea0-1dd285491b7b, 1069, 0, 1328, 34, 37.29
2026/09/08 21:17:16.744, GPU-ecc6a1f9-42fe-2932-7ea0-1dd285491b7b, 1069, 0, 1328, 34, 37.29
2026/09/08 21:17:16.947, GPU-ecc6a1f9-42fe-2932-7ea0-1dd285491b7b, 1069, 0, 1328, 34, 37.29
2026/09/08 21:17:17.151, GPU-ecc6a1f9-42fe-2932-7ea0-1dd285491b7b, 1069, 0, 1328, 34, 37.29
2026/09/08 21:17:17.356, GPU-ecc6a1f9-42fe-2932-7ea0-1dd285491b7b, 1069, 0, 1328, 34, 37.29
2026/09/08 21:17:17.559, GPU-ecc6a1f9-42fe-2932-7ea0-1dd285491b7b, 1069, 0, 1328, 34, 204.52
2026/09/08 21:17:17.763, GPU-ecc6a1f9-42fe-2932-7ea0-1dd285491b7b, 1069, 70, 1328, 36, 101.01
2026/09/08 21:17:17.966, GPU-ecc6a1f9-42fe-2932-7ea0-1dd285491b7b, 1069, 54, 1328, 35, 39.48
2026/09/08 21:17:18.170, GPU-ecc6a1f9-42fe-2932-7ea0-1dd285491b7b, 1069, 29, 1328, 37, 209.95
2026/09/08 21:17:18.375, GPU-ecc6a1f9-42fe-2932-7ea0-1dd285491b7b, 1069, 100, 1328, 38, 208.36
2026/09/08 21:17:18.579, GPU-ecc6a1f9-42fe-2932-7ea0-1dd285491b7b, 1069, 100, 1328, 39, 208.12
2026/09/08 21:17:18.782, GPU-ecc6a1f9-42fe-2932-7ea0-1dd285491b7b, 1069, 100, 1328, 39, 210.91
2026/09/08 21:17:18.986, GPU-ecc6a1f9-42fe-2932-7ea0-1dd285491b7b, 1069, 100, 1328, 40, 210.17
2026/09/08 21:17:19.189, GPU-ecc6a1f9-42fe-2932-7ea0-1dd285491b7b, 1069, 100, 1328, 40, 210.53
2026/09/08 21:17:19.393, GPU-ecc6a1f9-42fe-2932-7ea0-1dd285491b7b, 1069, 100, 1328, 40, 210.91
2026/09/08 21:17:19.598, GPU-ecc6a1f9-42fe-2932-7ea0-1dd285491b7b, 1069, 100, 1328, 41, 210.43
2026/09/08 21:17:19.801, GPU-ecc6a1f9-42fe-2932-7ea0-1dd285491b7b, 1069, 100, 1328, 41, 202.82
2026/09/08 21:17:20.005, GPU-ecc6a1f9-42fe-2932-7ea0-1dd285491b7b, 1069, 100, 1328, 41, 204.02
2026/09/08 21:17:20.208, GPU-ecc6a1f9-42fe-2932-7ea0-1dd285491b7b, 1069, 100, 1328, 42, 239.38
2026/09/08 21:17:20.411, GPU-ecc6a1f9-42fe-2932-7ea0-1dd285491b7b, 1069, 51, 1328, 40, 165.85
2026/09/08 21:17:20.617, GPU-ecc6a1f9-42fe-2932-7ea0-1dd285491b7b, 1069, 59, 1328, 39, 168.91
2026/09/08 21:17:20.820, GPU-ecc6a1f9-42fe-2932-7ea0-1dd285491b7b, 5, 54, 1328, 38, 39.48
2026/09/08 21:17:21.046, GPU-ecc6a1f9-42fe-2932-7ea0-1dd285491b7b, 5, 5, 1328, 37, 38.51
2026/09/08 21:17:21.249, GPU-ecc6a1f9-42fe-2932-7ea0-1dd285491b7b, 5, 0, 1328, 37, 38.26
2026/09/08 21:17:21.457, GPU-ecc6a1f9-42fe-2932-7ea0-1dd285491b7b, 5, 0, 1328, 37, 38.26
2026/09/08 21:17:21.660, GPU-ecc6a1f9-42fe-2932-7ea0-1dd285491b7b, 5, 0, 1328, 36, 38.02
2026/09/08 21:17:21.864, GPU-ecc6a1f9-42fe-2932-7ea0-1dd285491b7b, 5, 0, 1328, 36, 38.02
2026/09/08 21:17:22.067, GPU-ecc6a1f9-42fe-2932-7ea0-1dd285491b7b, 5, 0, 1328, 36, 38.02
2026/09/08 21:17:22.271, GPU-ecc6a1f9-42fe-2932-7ea0-1dd285491b7b, 5, 0, 1328, 36, 38.02
2026/09/08 21:17:22.476, GPU-ecc6a1f9-42fe-2932-7ea0-1dd285491b7b, 5, 0, 1328, 36, 38.02
2026/09/08 21:17:22.679, GPU-ecc6a1f9-42fe-2932-7ea0-1dd285491b7b, 5, 0, 1328, 36, 37.29
2026/09/08 21:17:22.883, GPU-ecc6a1f9-42fe-2932-7ea0-1dd285491b7b, 5, 0, 1328, 36, 37.29
2026/09/08 21:17:23.086, GPU-ecc6a1f9-42fe-2932-7ea0-1dd285491b7b, 5, 0, 1328, 36, 37.29
2026/09/08 21:17:23.290, GPU-ecc6a1f9-42fe-2932-7ea0-1dd285491b7b, 5, 0, 1328, 36, 37.29
2026/09/08 21:17:23.493, GPU-ecc6a1f9-42fe-2932-7ea0-1dd285491b7b, 5, 0, 1328, 36, 37.29
2026/09/08 21:17:23.700, GPU-ecc6a1f9-42fe-2932-7ea0-1dd285491b7b, 5, 0, 1328, 35, 37.29
2026/09/08 21:17:23.903, GPU-ecc6a1f9-42fe-2932-7ea0-1dd285491b7b, 5, 0, 1328, 35, 37.29
2026/09/08 21:17:24.107, GPU-ecc6a1f9-42fe-2932-7ea0-1dd285491b7b, 5, 0, 1328, 35, 37.29
2026/09/08 21:17:24.310, GPU-ecc6a1f9-42fe-2932-7ea0-1dd285491b7b, 5, 0, 1328, 36, 37.29
2026/09/08 21:17:24.514, GPU-ecc6a1f9-42fe-2932-7ea0-1dd285491b7b, 5, 0, 1328, 35, 37.29
2026/09/08 21:17:24.717, GPU-ecc6a1f9-42fe-2932-7ea0-1dd285491b7b, 5, 0, 1328, 35, 37.29
2026/09/08 21:17:24.921, GPU-ecc6a1f9-42fe-2932-7ea0-1dd285491b7b, 5, 0, 1328, 35, 37.29
2026/09/08 21:17:25.128, GPU-ecc6a1f9-42fe-2932-7ea0-1dd285491b7b, 5, 0, 1328, 35, 37.29
2026/09/08 21:17:25.331, GPU-ecc6a1f9-42fe-2932-7ea0-1dd285491b7b, 5, 0, 1328, 35, 37.29
2026/09/08 21:17:25.535, GPU-ecc6a1f9-42fe-2932-7ea0-1dd285491b7b, 5, 0, 1328, 35, 37.29
2026/09/08 21:17:25.738, GPU-ecc6a1f9-42fe-2932-7ea0-1dd285491b7b, 5, 0, 1328, 35, 37.29
2026/09/08 21:17:25.942, GPU-ecc6a1f9-42fe-2932-7ea0-1dd285491b7b, 7, 0, 1328, 35, 37.29
2026/09/08 21:17:26.148, GPU-ecc6a1f9-42fe-2932-7ea0-1dd285491b7b, 7, 0, 1328, 35, 37.29
2026/09/08 21:17:26.351, GPU-ecc6a1f9-42fe-2932-7ea0-1dd285491b7b, 7, 0, 1328, 35, 37.29
2026/09/08 21:17:26.555, GPU-ecc6a1f9-42fe-2932-7ea0-1dd285491b7b, 7, 0, 1328, 35, 37.29
2026/09/08 21:17:26.758, GPU-ecc6a1f9-42fe-2932-7ea0-1dd285491b7b, 15, 0, 1328, 35, 37.29
2026/09/08 21:17:26.962, GPU-ecc6a1f9-42fe-2932-7ea0-1dd285491b7b, 787, 21, 1328, 37, 71.76
2026/09/08 21:17:27.165, GPU-ecc6a1f9-42fe-2932-7ea0-1dd285491b7b, 787, 18, 1328, 35, 38.02
2026/09/08 21:17:27.370, GPU-ecc6a1f9-42fe-2932-7ea0-1dd285491b7b, 787, 2, 1328, 36, 38.26
2026/09/08 21:17:27.573, GPU-ecc6a1f9-42fe-2932-7ea0-1dd285491b7b, 787, 19, 1328, 35, 40.68
2026/09/08 21:17:27.777, GPU-ecc6a1f9-42fe-2932-7ea0-1dd285491b7b, 1069, 5, 1328, 35, 38.02
2026/09/08 21:17:27.980, GPU-ecc6a1f9-42fe-2932-7ea0-1dd285491b7b, 1069, 3, 1328, 35, 38.02
2026/09/08 21:17:28.184, GPU-ecc6a1f9-42fe-2932-7ea0-1dd285491b7b, 1069, 0, 1328, 35, 38.02
2026/09/08 21:17:28.389, GPU-ecc6a1f9-42fe-2932-7ea0-1dd285491b7b, 1069, 0, 1328, 35, 38.02
2026/09/08 21:17:28.593, GPU-ecc6a1f9-42fe-2932-7ea0-1dd285491b7b, 1069, 0, 1328, 35, 37.78
2026/09/08 21:17:28.797, GPU-ecc6a1f9-42fe-2932-7ea0-1dd285491b7b, 1069, 0, 1189, 35, 32.66
2026/09/08 21:17:29.000, GPU-ecc6a1f9-42fe-2932-7ea0-1dd285491b7b, 1069, 0, 1189, 35, 32.90
2026/09/08 21:17:29.204, GPU-ecc6a1f9-42fe-2932-7ea0-1dd285491b7b, 1069, 13, 1189, 35, 33.63
2026/09/08 21:17:29.409, GPU-ecc6a1f9-42fe-2932-7ea0-1dd285491b7b, 1069, 45, 1328, 37, 176.61
2026/09/08 21:17:29.612, GPU-ecc6a1f9-42fe-2932-7ea0-1dd285491b7b, 1069, 40, 1328, 37, 51.85
2026/09/08 21:17:29.816, GPU-ecc6a1f9-42fe-2932-7ea0-1dd285491b7b, 1069, 83, 1328, 38, 182.56
2026/09/08 21:17:30.019, GPU-ecc6a1f9-42fe-2932-7ea0-1dd285491b7b, 1069, 100, 1328, 39, 183.04
2026/09/08 21:17:30.223, GPU-ecc6a1f9-42fe-2932-7ea0-1dd285491b7b, 1069, 100, 1328, 39, 183.28
2026/09/08 21:17:30.428, GPU-ecc6a1f9-42fe-2932-7ea0-1dd285491b7b, 1069, 100, 1328, 40, 183.28
2026/09/08 21:17:30.631, GPU-ecc6a1f9-42fe-2932-7ea0-1dd285491b7b, 1069, 100, 1328, 40, 183.28
2026/09/08 21:17:30.835, GPU-ecc6a1f9-42fe-2932-7ea0-1dd285491b7b, 1069, 100, 1328, 40, 185.94
2026/09/08 21:17:31.039, GPU-ecc6a1f9-42fe-2932-7ea0-1dd285491b7b, 1069, 100, 1328, 41, 185.70
2026/09/08 21:17:31.242, GPU-ecc6a1f9-42fe-2932-7ea0-1dd285491b7b, 1069, 100, 1328, 41, 185.94
2026/09/08 21:17:31.447, GPU-ecc6a1f9-42fe-2932-7ea0-1dd285491b7b, 1069, 100, 1328, 41, 184.73
2026/09/08 21:17:31.651, GPU-ecc6a1f9-42fe-2932-7ea0-1dd285491b7b, 1069, 100, 1328, 42, 184.73
2026/09/08 21:17:31.854, GPU-ecc6a1f9-42fe-2932-7ea0-1dd285491b7b, 1069, 100, 1328, 42, 188.60
2026/09/08 21:17:32.058, GPU-ecc6a1f9-42fe-2932-7ea0-1dd285491b7b, 1069, 100, 1328, 42, 188.08
2026/09/08 21:17:32.261, GPU-ecc6a1f9-42fe-2932-7ea0-1dd285491b7b, 1069, 100, 1328, 42, 188.32
2026/09/08 21:17:32.467, GPU-ecc6a1f9-42fe-2932-7ea0-1dd285491b7b, 1069, 100, 1328, 42, 188.32
2026/09/08 21:17:32.670, GPU-ecc6a1f9-42fe-2932-7ea0-1dd285491b7b, 1069, 100, 1328, 42, 187.87
2026/09/08 21:17:32.874, GPU-ecc6a1f9-42fe-2932-7ea0-1dd285491b7b, 1069, 100, 1328, 42, 187.84
2026/09/08 21:17:33.077, GPU-ecc6a1f9-42fe-2932-7ea0-1dd285491b7b, 1069, 100, 1328, 42, 187.84
2026/09/08 21:17:33.281, GPU-ecc6a1f9-42fe-2932-7ea0-1dd285491b7b, 1069, 100, 1328, 42, 187.84
2026/09/08 21:17:33.486, GPU-ecc6a1f9-42fe-2932-7ea0-1dd285491b7b, 1069, 100, 1328, 43, 114.54
2026/09/08 21:17:33.690, GPU-ecc6a1f9-42fe-2932-7ea0-1dd285491b7b, 1069, 64, 1328, 41, 75.12
2026/09/08 21:17:33.893, GPU-ecc6a1f9-42fe-2932-7ea0-1dd285491b7b, 1069, 61, 1328, 41, 53.07
2026/09/08 21:17:34.097, GPU-ecc6a1f9-42fe-2932-7ea0-1dd285491b7b, 5, 9, 1328, 39, 39.73
2026/09/08 21:17:34.300, GPU-ecc6a1f9-42fe-2932-7ea0-1dd285491b7b, 5, 0, 1328, 39, 38.75
2026/09/08 21:17:34.505, GPU-ecc6a1f9-42fe-2932-7ea0-1dd285491b7b, 5, 0, 1328, 38, 38.75
2026/09/08 21:17:34.709, GPU-ecc6a1f9-42fe-2932-7ea0-1dd285491b7b, 5, 0, 1328, 38, 38.51
2026/09/08 21:17:34.912, GPU-ecc6a1f9-42fe-2932-7ea0-1dd285491b7b, 5, 0, 1328, 38, 38.51
2026/09/08 21:17:35.116, GPU-ecc6a1f9-42fe-2932-7ea0-1dd285491b7b, 5, 0, 1328, 38, 38.51
2026/09/08 21:17:35.319, GPU-ecc6a1f9-42fe-2932-7ea0-1dd285491b7b, 5, 0, 1328, 37, 38.51
2026/09/08 21:17:35.523, GPU-ecc6a1f9-42fe-2932-7ea0-1dd285491b7b, 5, 0, 1328, 37, 38.26
2026/09/08 21:17:35.727, GPU-ecc6a1f9-42fe-2932-7ea0-1dd285491b7b, 5, 0, 1328, 37, 37.53
2026/09/08 21:17:35.931, GPU-ecc6a1f9-42fe-2932-7ea0-1dd285491b7b, 5, 0, 1328, 37, 37.77
2026/09/08 21:17:36.135, GPU-ecc6a1f9-42fe-2932-7ea0-1dd285491b7b, 5, 0, 1328, 37, 37.77
2026/09/08 21:17:36.339, GPU-ecc6a1f9-42fe-2932-7ea0-1dd285491b7b, 5, 0, 1328, 37, 37.77
2026/09/08 21:17:36.542, GPU-ecc6a1f9-42fe-2932-7ea0-1dd285491b7b, 5, 0, 1328, 37, 37.77
2026/09/08 21:17:36.746, GPU-ecc6a1f9-42fe-2932-7ea0-1dd285491b7b, 5, 0, 1328, 37, 37.77
