2026/09/08 20:19:27.649, GPU-ecc6a1f9-42fe-2932-7ea0-1dd285491b7b, 5, 0, 405, 32, 26.58
2026/09/08 20:19:27.853, GPU-ecc6a1f9-42fe-2932-7ea0-1dd285491b7b, 5, 0, 405, 32, 26.58
2026/09/08 20:19:28.057, GPU-ecc6a1f9-42fe-2932-7ea0-1dd285491b7b, 7, 0, 405, 32, 26.58
2026/09/08 20:19:28.260, GPU-ecc6a1f9-42fe-2932-7ea0-1dd285491b7b, 15, 0, 405, 32, 26.58
2026/09/08 20:19:28.521, GPU-ecc6a1f9-42fe-2932-7ea0-1dd285491b7b, 493, 31, 1189, 33, 121.42
2026/09/08 20:19:28.725, GPU-ecc6a1f9-42fe-2932-7ea0-1dd285491b7b, 493, 97, 1316, 33, 135.40
2026/09/08 20:19:28.928, GPU-ecc6a1f9-42fe-2932-7ea0-1dd285491b7b, 493, 100, 1328, 34, 142.59
2026/09/08 20:19:29.133, GPU-ecc6a1f9-42fe-2932-7ea0-1dd285491b7b, 493, 100, 1328, 34, 142.82
2026/09/08 20:19:29.336, GPU-ecc6a1f9-42fe-2932-7ea0-1dd285491b7b, 493, 100, 1328, 34, 142.10
2026/09/08 20:19:29.539, GPU-ecc6a1f9-42fe-2932-7ea0-1dd285491b7b, 493, 100, 1328, 35, 142.82
2026/09/08 20:19:29.743, GPU-ecc6a1f9-42fe-2932-7ea0-1dd285491b7b, 493, 100, 1328, 34, 92.51
2026/09/08 20:19:29.946, GPU-ecc6a1f9-42fe-2932-7ea0-1dd285491b7b, 493, 65, 1328, 35, 118.59
2026/09/08 20:19:30.152, GPU-ecc6a1f9-42fe-2932-7ea0-1dd285491b7b, 493, 100, 1328, 35, 72.69
2026/09/08 20:19:30.355, GPU-ecc6a1f9-42fe-2932-7ea0-1dd285491b7b, 493, 39, 1328, 34, 70.75
2026/09/08 20:19:30.559, GPU-ecc6a1f9-42fe-2932-7ea0-1dd285491b7b, 591, 75, 1328, 35, 141.85
2026/09/08 20:19:30.762, GPU-ecc6a1f9-42fe-2932-7ea0-1dd285491b7b, 591, 100, 1328, 35, 143.06
2026/09/08 20:19:30.966, GPU-ecc6a1f9-42fe-2932-7ea0-1dd285491b7b, 591, 100, 1328, 35, 143.31
2026/09/08 20:19:31.171, GPU-ecc6a1f9-42fe-2932-7ea0-1dd285491b7b, 591, 100, 1328, 35, 142.33
2026/09/08 20:19:31.375, GPU-ecc6a1f9-42fe-2932-7ea0-1dd285491b7b, 591, 100, 1328, 36, 143.30
2026/09/08 20:19:31.578, GPU-ecc6a1f9-42fe-2932-7ea0-1dd285491b7b, 591, 100, 1328, 36, 111.39
2026/09/08 20:19:31.782, GPU-ecc6a1f9-42fe-2932-7ea0-1dd285491b7b, 591, 98, 1328, 36, 141.86
2026/09/08 20:19:31.985, GPU-ecc6a1f9-42fe-2932-7ea0-1dd285491b7b, 591, 100, 1328, 36, 143.55
2026/09/08 20:19:32.191, GPU-ecc6a1f9-42fe-2932-7ea0-1dd285491b7b, 591, 100, 1328, 36, 143.80
2026/09/08 20:19:32.395, GPU-ecc6a1f9-42fe-2932-7ea0-1dd285491b7b, 591, 100, 1328, 36, 142.67
2026/09/08 20:19:32.599, GPU-ecc6a1f9-42fe-2932-7ea0-1dd285491b7b, 591, 100, 1328, 36, 143.39
2026/09/08 20:19:32.802, GPU-ecc6a1f9-42fe-2932-7ea0-1dd285491b7b, 591, 100, 1328, 36, 121.26
2026/09/08 20:19:33.006, GPU-ecc6a1f9-42fe-2932-7ea0-1dd285491b7b, 591, 76, 1328, 36, 117.14
2026/09/08 20:19:33.211, GPU-ecc6a1f9-42fe-2932-7ea0-1dd285491b7b, 591, 100, 1328, 36, 115.50
2026/09/08 20:19:33.414, GPU-ecc6a1f9-42fe-2932-7ea0-1dd285491b7b, 591, 100, 1328, 36, 116.41
2026/09/08 20:19:33.617, GPU-ecc6a1f9-42fe-2932-7ea0-1dd285491b7b, 591, 100, 1328, 36, 116.47
2026/09/08 20:19:33.821, GPU-ecc6a1f9-42fe-2932-7ea0-1dd285491b7b, 591, 91, 1328, 36, 123.61
2026/09/08 20:19:34.024, GPU-ecc6a1f9-42fe-2932-7ea0-1dd285491b7b, 591, 97, 1328, 36, 147.18
2026/09/08 20:19:34.230, GPU-ecc6a1f9-42fe-2932-7ea0-1dd285491b7b, 591, 100, 1328, 37, 147.43
2026/09/08 20:19:34.434, GPU-ecc6a1f9-42fe-2932-7ea0-1dd285491b7b, 591, 100, 1328, 37, 146.46
2026/09/08 20:19:34.637, GPU-ecc6a1f9-42fe-2932-7ea0-1dd285491b7b, 591, 100, 1328, 37, 146.30
2026/09/08 20:19:34.840, GPU-ecc6a1f9-42fe-2932-7ea0-1dd285491b7b, 591, 100, 1328, 37, 147.18
2026/09/08 20:19:35.044, GPU-ecc6a1f9-42fe-2932-7ea0-1dd285491b7b, 591, 98, 1328, 37, 124.90
2026/09/08 20:19:35.250, GPU-ecc6a1f9-42fe-2932-7ea0-1dd285491b7b, 591, 78, 1328, 37, 127.49
2026/09/08 20:19:35.453, GPU-ecc6a1f9-42fe-2932-7ea0-1dd285491b7b, 591, 100, 1328, 37, 126.76
2026/09/08 20:19:35.656, GPU-ecc6a1f9-42fe-2932-7ea0-1dd285491b7b, 591, 100, 1328, 37, 90.87
2026/09/08 20:19:35.860, GPU-ecc6a1f9-42fe-2932-7ea0-1dd285491b7b, 591, 88, 1328, 37, 130.87
2026/09/08 20:19:36.063, GPU-ecc6a1f9-42fe-2932-7ea0-1dd285491b7b, 591, 100, 1328, 37, 130.39
2026/09/08 20:19:36.269, GPU-ecc6a1f9-42fe-2932-7ea0-1dd285491b7b, 591, 100, 1328, 37, 118.36
2026/09/08 20:19:36.472, GPU-ecc6a1f9-42fe-2932-7ea0-1dd285491b7b, 591, 100, 1328, 37, 119.56
2026/09/08 20:19:36.676, GPU-ecc6a1f9-42fe-2932-7ea0-1dd285491b7b, 591, 100, 1328, 37, 61.10
2026/09/08 20:19:36.879, GPU-ecc6a1f9-42fe-2932-7ea0-1dd285491b7b, 591, 81, 1328, 37, 117.14
2026/09/08 20:19:37.083, GPU-ecc6a1f9-42fe-2932-7ea0-1dd285491b7b, 591, 100, 1328, 37, 117.38
2026/09/08 20:19:37.288, GPU-ecc6a1f9-42fe-2932-7ea0-1dd285491b7b, 591, 100, 1328, 37, 74.44
2026/09/08 20:19:37.492, GPU-ecc6a1f9-42fe-2932-7ea0-1dd285491b7b, 591, 88, 1328, 37, 118.83
2026/09/08 20:19:37.695, GPU-ecc6a1f9-42fe-2932-7ea0-1dd285491b7b, 591, 100, 1328, 37, 92.08
2026/09/08 20:19:37.899, GPU-ecc6a1f9-42fe-2932-7ea0-1dd285491b7b, 591, 100, 1328, 37, 125.07
2026/09/08 20:19:38.103, GPU-ecc6a1f9-42fe-2932-7ea0-1dd285491b7b, 591, 87, 1328, 37, 81.69
2026/09/08 20:19:38.308, GPU-ecc6a1f9-42fe-2932-7ea0-1dd285491b7b, 591, 88, 1328, 37, 115.45
2026/09/08 20:19:38.512, GPU-ecc6a1f9-42fe-2932-7ea0-1dd285491b7b, 591, 100, 1328, 37, 115.21
2026/09/08 20:19:38.715, GPU-ecc6a1f9-42fe-2932-7ea0-1dd285491b7b, 591, 100, 1328, 37, 115.21
2026/09/08 20:19:38.919, GPU-ecc6a1f9-42fe-2932-7ea0-1dd285491b7b, 591, 100, 1328, 37, 117.14
2026/09/08 20:19:39.123, GPU-ecc6a1f9-42fe-2932-7ea0-1dd285491b7b, 591, 71, 1328, 37, 116.90
2026/09/08 20:19:39.328, GPU-ecc6a1f9-42fe-2932-7ea0-1dd285491b7b, 591, 100, 1328, 37, 79.01
2026/09/08 20:19:39.531, GPU-ecc6a1f9-42fe-2932-7ea0-1dd285491b7b, 591, 88, 1328, 37, 121.26
2026/09/08 20:19:39.735, GPU-ecc6a1f9-42fe-2932-7ea0-1dd285491b7b, 591, 100, 1328, 37, 54.31
2026/09/08 20:19:39.939, GPU-ecc6a1f9-42fe-2932-7ea0-1dd285491b7b, 591, 84, 1328, 38, 141.94
2026/09/08 20:19:40.142, GPU-ecc6a1f9-42fe-2932-7ea0-1dd285491b7b, 591, 100, 1328, 38, 143.39
2026/09/08 20:19:40.347, GPU-ecc6a1f9-42fe-2932-7ea0-1dd285491b7b, 591, 100, 1328, 38, 143.64
2026/09/08 20:19:40.551, GPU-ecc6a1f9-42fe-2932-7ea0-1dd285491b7b, 591, 100, 1328, 38, 143.15
2026/09/08 20:19:40.754, GPU-ecc6a1f9-42fe-2932-7ea0-1dd285491b7b, 591, 100, 1328, 38, 143.39
2026/09/08 20:19:40.957, GPU-ecc6a1f9-42fe-2932-7ea0-1dd285491b7b, 591, 100, 1328, 38, 124.41
2026/09/08 20:19:41.161, GPU-ecc6a1f9-42fe-2932-7ea0-1dd285491b7b, 591, 88, 1328, 38, 143.15
2026/09/08 20:19:41.367, GPU-ecc6a1f9-42fe-2932-7ea0-1dd285491b7b, 591, 100, 1328, 38, 144.28
2026/09/08 20:19:41.570, GPU-ecc6a1f9-42fe-2932-7ea0-1dd285491b7b, 591, 100, 1328, 38, 143.15
2026/09/08 20:19:41.774, GPU-ecc6a1f9-42fe-2932-7ea0-1dd285491b7b, 591, 100, 1328, 39, 143.64
2026/09/08 20:19:41.978, GPU-ecc6a1f9-42fe-2932-7ea0-1dd285491b7b, 591, 100, 1328, 39, 143.64
2026/09/08 20:19:42.181, GPU-ecc6a1f9-42fe-2932-7ea0-1dd285491b7b, 591, 100, 1328, 39, 144.60
2026/09/08 20:19:42.386, GPU-ecc6a1f9-42fe-2932-7ea0-1dd285491b7b, 591, 88, 1328, 39, 126.35
2026/09/08 20:19:42.590, GPU-ecc6a1f9-42fe-2932-7ea0-1dd285491b7b, 591, 100, 1328, 39, 124.17
2026/09/08 20:19:42.793, GPU-ecc6a1f9-42fe-2932-7ea0-1dd285491b7b, 591, 100, 1328, 39, 124.90
2026/09/08 20:19:42.997, GPU-ecc6a1f9-42fe-2932-7ea0-1dd285491b7b, 591, 100, 1328, 39, 96.22
2026/09/08 20:19:43.201, GPU-ecc6a1f9-42fe-2932-7ea0-1dd285491b7b, 591, 88, 1328, 39, 145.01
2026/09/08 20:19:43.406, GPU-ecc6a1f9-42fe-2932-7ea0-1dd285491b7b, 591, 100, 1328, 39, 144.28
2026/09/08 20:19:43.610, GPU-ecc6a1f9-42fe-2932-7ea0-1dd285491b7b, 591, 100, 1328, 39, 143.15
2026/09/08 20:19:43.813, GPU-ecc6a1f9-42fe-2932-7ea0-1dd285491b7b, 591, 100, 1328, 39, 144.76
2026/09/08 20:19:44.016, GPU-ecc6a1f9-42fe-2932-7ea0-1dd285491b7b, 591, 100, 1328, 39, 144.52
2026/09/08 20:19:44.220, GPU-ecc6a1f9-42fe-2932-7ea0-1dd285491b7b, 591, 100, 1328, 39, 144.28
2026/09/08 20:19:44.426, GPU-ecc6a1f9-42fe-2932-7ea0-1dd285491b7b, 591, 93, 1328, 39, 134.19
2026/09/08 20:19:44.629, GPU-ecc6a1f9-42fe-2932-7ea0-1dd285491b7b, 591, 83, 1328, 39, 132.33
2026/09/08 20:19:44.833, GPU-ecc6a1f9-42fe-2932-7ea0-1dd285491b7b, 591, 100, 1328, 39, 132.57
2026/09/08 20:19:45.036, GPU-ecc6a1f9-42fe-2932-7ea0-1dd285491b7b, 591, 88, 1328, 39, 137.82
2026/09/08 20:19:45.240, GPU-ecc6a1f9-42fe-2932-7ea0-1dd285491b7b, 591, 100, 1328, 39, 138.56
2026/09/08 20:19:45.443, GPU-ecc6a1f9-42fe-2932-7ea0-1dd285491b7b, 591, 100, 1328, 40, 107.57
2026/09/08 20:19:45.646, GPU-ecc6a1f9-42fe-2932-7ea0-1dd285491b7b, 591, 86, 1328, 39, 127.01
2026/09/08 20:19:45.852, GPU-ecc6a1f9-42fe-2932-7ea0-1dd285491b7b, 591, 100, 1328, 39, 77.32
2026/09/08 20:19:46.055, GPU-ecc6a1f9-42fe-2932-7ea0-1dd285491b7b, 591, 82, 1328, 39, 124.17
2026/09/08 20:19:46.259, GPU-ecc6a1f9-42fe-2932-7ea0-1dd285491b7b, 591, 100, 1328, 39, 123.68
2026/09/08 20:19:46.462, GPU-ecc6a1f9-42fe-2932-7ea0-1dd285491b7b, 591, 100, 1328, 39, 63.78
2026/09/08 20:19:46.666, GPU-ecc6a1f9-42fe-2932-7ea0-1dd285491b7b, 591, 88, 1328, 39, 126.76
2026/09/08 20:19:46.869, GPU-ecc6a1f9-42fe-2932-7ea0-1dd285491b7b, 591, 100, 1328, 39, 77.81
2026/09/08 20:19:47.073, GPU-ecc6a1f9-42fe-2932-7ea0-1dd285491b7b, 591, 87, 1328, 39, 130.63
2026/09/08 20:19:47.276, GPU-ecc6a1f9-42fe-2932-7ea0-1dd285491b7b, 591, 100, 1328, 39, 69.82
2026/09/08 20:19:47.481, GPU-ecc6a1f9-42fe-2932-7ea0-1dd285491b7b, 591, 88, 1328, 39, 120.53
2026/09/08 20:19:47.684, GPU-ecc6a1f9-42fe-2932-7ea0-1dd285491b7b, 591, 100, 1328, 39, 120.78
2026/09/08 20:19:47.887, GPU-ecc6a1f9-42fe-2932-7ea0-1dd285491b7b, 591, 93, 1328, 39, 120.05
2026/09/08 20:19:48.091, GPU-ecc6a1f9-42fe-2932-7ea0-1dd285491b7b, 591, 94, 1328, 40, 123.68
2026/09/08 20:19:48.295, GPU-ecc6a1f9-42fe-2932-7ea0-1dd285491b7b, 591, 100, 1328, 39, 76.10
2026/09/08 20:19:48.498, GPU-ecc6a1f9-42fe-2932-7ea0-1dd285491b7b, 591, 88, 1328, 40, 124.58
2026/09/08 20:19:48.703, GPU-ecc6a1f9-42fe-2932-7ea0-1dd285491b7b, 593, 87, 1328, 39, 118.60
2026/09/08 20:19:48.907, GPU-ecc6a1f9-42fe-2932-7ea0-1dd285491b7b, 593, 97, 1328, 40, 149.60
2026/09/08 20:19:49.110, GPU-ecc6a1f9-42fe-2932-7ea0-1dd285491b7b, 593, 100, 1328, 40, 149.60
2026/09/08 20:19:49.314, GPU-ecc6a1f9-42fe-2932-7ea0-1dd285491b7b, 593, 100, 1328, 40, 149.36
2026/09/08 20:19:49.517, GPU-ecc6a1f9-42fe-2932-7ea0-1dd285491b7b, 593, 100, 1328, 40, 148.40
2026/09/08 20:19:49.720, GPU-ecc6a1f9-42fe-2932-7ea0-1dd285491b7b, 593, 100, 1328, 41, 149.60
2026/09/08 20:19:49.926, GPU-ecc6a1f9-42fe-2932-7ea0-1dd285491b7b, 593, 81, 1328, 40, 149.12
2026/09/08 20:19:50.129, GPU-ecc6a1f9-42fe-2932-7ea0-1dd285491b7b, 593, 95, 1328, 41, 148.64
2026/09/08 20:19:50.333, GPU-ecc6a1f9-42fe-2932-7ea0-1dd285491b7b, 593, 100, 1328, 40, 148.40
2026/09/08 20:19:50.536, GPU-ecc6a1f9-42fe-2932-7ea0-1dd285491b7b, 593, 100, 1328, 41, 149.85
2026/09/08 20:19:50.739, GPU-ecc6a1f9-42fe-2932-7ea0-1dd285491b7b, 593, 100, 1328, 41, 149.85
2026/09/08 20:19:50.945, GPU-ecc6a1f9-42fe-2932-7ea0-1dd285491b7b, 593, 100, 1328, 41, 132.58
2026/09/08 20:19:51.149, GPU-ecc6a1f9-42fe-2932-7ea0-1dd285491b7b, 593, 88, 1328, 41, 121.75
2026/09/08 20:19:51.352, GPU-ecc6a1f9-42fe-2932-7ea0-1dd285491b7b, 593, 100, 1328, 41, 120.29
2026/09/08 20:19:51.556, GPU-ecc6a1f9-42fe-2932-7ea0-1dd285491b7b, 593, 100, 1328, 41, 121.02
2026/09/08 20:19:51.759, GPU-ecc6a1f9-42fe-2932-7ea0-1dd285491b7b, 593, 100, 1328, 41, 120.29
2026/09/08 20:19:51.965, GPU-ecc6a1f9-42fe-2932-7ea0-1dd285491b7b, 593, 100, 1328, 41, 147.43
2026/09/08 20:19:52.168, GPU-ecc6a1f9-42fe-2932-7ea0-1dd285491b7b, 593, 87, 1328, 41, 147.43
2026/09/08 20:19:52.372, GPU-ecc6a1f9-42fe-2932-7ea0-1dd285491b7b, 593, 100, 1328, 41, 149.60
2026/09/08 20:19:52.575, GPU-ecc6a1f9-42fe-2932-7ea0-1dd285491b7b, 593, 100, 1328, 41, 150.09
2026/09/08 20:19:52.779, GPU-ecc6a1f9-42fe-2932-7ea0-1dd285491b7b, 593, 100, 1328, 41, 149.60
2026/09/08 20:19:52.984, GPU-ecc6a1f9-42fe-2932-7ea0-1dd285491b7b, 593, 100, 1328, 41, 140.97
2026/09/08 20:19:53.188, GPU-ecc6a1f9-42fe-2932-7ea0-1dd285491b7b, 593, 100, 1328, 41, 128.46
2026/09/08 20:19:53.391, GPU-ecc6a1f9-42fe-2932-7ea0-1dd285491b7b, 593, 100, 1328, 41, 127.25
2026/09/08 20:19:53.595, GPU-ecc6a1f9-42fe-2932-7ea0-1dd285491b7b, 593, 100, 1328, 42, 127.98
2026/09/08 20:19:53.798, GPU-ecc6a1f9-42fe-2932-7ea0-1dd285491b7b, 593, 100, 1328, 41, 104.35
2026/09/08 20:19:54.004, GPU-ecc6a1f9-42fe-2932-7ea0-1dd285491b7b, 593, 89, 1328, 41, 134.75
2026/09/08 20:19:54.224, GPU-ecc6a1f9-42fe-2932-7ea0-1dd285491b7b, 593, 100, 1328, 42, 125.87
2026/09/08 20:19:54.427, GPU-ecc6a1f9-42fe-2932-7ea0-1dd285491b7b, 593, 87, 1328, 41, 124.10
2026/09/08 20:19:54.631, GPU-ecc6a1f9-42fe-2932-7ea0-1dd285491b7b, 593, 100, 1328, 41, 103.92
2026/09/08 20:19:54.834, GPU-ecc6a1f9-42fe-2932-7ea0-1dd285491b7b, 593, 100, 1328, 41, 118.11
2026/09/08 20:19:55.038, GPU-ecc6a1f9-42fe-2932-7ea0-1dd285491b7b, 593, 100, 1328, 41, 117.14
2026/09/08 20:19:55.243, GPU-ecc6a1f9-42fe-2932-7ea0-1dd285491b7b, 593, 100, 1328, 41, 117.14
2026/09/08 20:19:55.447, GPU-ecc6a1f9-42fe-2932-7ea0-1dd285491b7b, 593, 100, 1328, 41, 45.82
2026/09/08 20:19:55.650, GPU-ecc6a1f9-42fe-2932-7ea0-1dd285491b7b, 593, 88, 1328, 41, 123.44
2026/09/08 20:19:55.854, GPU-ecc6a1f9-42fe-2932-7ea0-1dd285491b7b, 593, 100, 1328, 41, 76.34
2026/09/08 20:19:56.057, GPU-ecc6a1f9-42fe-2932-7ea0-1dd285491b7b, 593, 87, 1328, 41, 125.07
2026/09/08 20:19:56.262, GPU-ecc6a1f9-42fe-2932-7ea0-1dd285491b7b, 593, 100, 1328, 41, 70.06
2026/09/08 20:19:56.466, GPU-ecc6a1f9-42fe-2932-7ea0-1dd285491b7b, 593, 88, 1328, 41, 116.65
2026/09/08 20:19:56.669, GPU-ecc6a1f9-42fe-2932-7ea0-1dd285491b7b, 593, 100, 1328, 41, 116.65
2026/09/08 20:19:56.873, GPU-ecc6a1f9-42fe-2932-7ea0-1dd285491b7b, 593, 100, 1328, 41, 116.41
2026/09/08 20:19:57.076, GPU-ecc6a1f9-42fe-2932-7ea0-1dd285491b7b, 593, 88, 1328, 41, 120.84
2026/09/08 20:19:57.282, GPU-ecc6a1f9-42fe-2932-7ea0-1dd285491b7b, 593, 100, 1328, 41, 120.84
2026/09/08 20:19:57.485, GPU-ecc6a1f9-42fe-2932-7ea0-1dd285491b7b, 593, 100, 1328, 41, 122.47
2026/09/08 20:19:57.689, GPU-ecc6a1f9-42fe-2932-7ea0-1dd285491b7b, 593, 88, 1328, 41, 122.78
2026/09/08 20:19:57.892, GPU-ecc6a1f9-42fe-2932-7ea0-1dd285491b7b, 593, 69, 1328, 41, 107.42
2026/09/08 20:19:58.096, GPU-ecc6a1f9-42fe-2932-7ea0-1dd285491b7b, 593, 97, 1328, 41, 128.12
2026/09/08 20:19:58.301, GPU-ecc6a1f9-42fe-2932-7ea0-1dd285491b7b, 593, 100, 1328, 42, 128.12
2026/09/08 20:19:58.505, GPU-ecc6a1f9-42fe-2932-7ea0-1dd285491b7b, 593, 100, 1328, 42, 127.32
2026/09/08 20:19:58.708, GPU-ecc6a1f9-42fe-2932-7ea0-1dd285491b7b, 593, 100, 1328, 41, 134.01
2026/09/08 20:19:58.912, GPU-ecc6a1f9-42fe-2932-7ea0-1dd285491b7b, 593, 100, 1328, 42, 149.40
2026/09/08 20:19:59.115, GPU-ecc6a1f9-42fe-2932-7ea0-1dd285491b7b, 593, 100, 1328, 42, 150.12
2026/09/08 20:19:59.321, GPU-ecc6a1f9-42fe-2932-7ea0-1dd285491b7b, 593, 100, 1328, 42, 150.33
2026/09/08 20:19:59.524, GPU-ecc6a1f9-42fe-2932-7ea0-1dd285491b7b, 593, 100, 1328, 42, 149.98
2026/09/08 20:19:59.727, GPU-ecc6a1f9-42fe-2932-7ea0-1dd285491b7b, 593, 100, 1328, 42, 149.74
2026/09/08 20:19:59.931, GPU-ecc6a1f9-42fe-2932-7ea0-1dd285491b7b, 593, 89, 1328, 42, 129.99
2026/09/08 20:20:00.134, GPU-ecc6a1f9-42fe-2932-7ea0-1dd285491b7b, 593, 100, 1328, 42, 128.74
2026/09/08 20:20:00.340, GPU-ecc6a1f9-42fe-2932-7ea0-1dd285491b7b, 593, 100, 1328, 42, 127.32
2026/09/08 20:20:00.543, GPU-ecc6a1f9-42fe-2932-7ea0-1dd285491b7b, 593, 100, 1328, 42, 119.39
2026/09/08 20:20:00.747, GPU-ecc6a1f9-42fe-2932-7ea0-1dd285491b7b, 593, 88, 1328, 42, 147.18
2026/09/08 20:20:00.950, GPU-ecc6a1f9-42fe-2932-7ea0-1dd285491b7b, 593, 100, 1328, 43, 147.22
2026/09/08 20:20:01.154, GPU-ecc6a1f9-42fe-2932-7ea0-1dd285491b7b, 593, 100, 1328, 43, 145.49
2026/09/08 20:20:01.359, GPU-ecc6a1f9-42fe-2932-7ea0-1dd285491b7b, 593, 100, 1328, 43, 146.74
2026/09/08 20:20:01.563, GPU-ecc6a1f9-42fe-2932-7ea0-1dd285491b7b, 593, 100, 1328, 43, 147.17
2026/09/08 20:20:01.766, GPU-ecc6a1f9-42fe-2932-7ea0-1dd285491b7b, 593, 100, 1328, 43, 144.80
2026/09/08 20:20:01.970, GPU-ecc6a1f9-42fe-2932-7ea0-1dd285491b7b, 593, 88, 1328, 43, 134.99
2026/09/08 20:20:02.174, GPU-ecc6a1f9-42fe-2932-7ea0-1dd285491b7b, 593, 100, 1328, 43, 134.31
2026/09/08 20:20:02.379, GPU-ecc6a1f9-42fe-2932-7ea0-1dd285491b7b, 593, 100, 1328, 43, 127.57
2026/09/08 20:20:02.582, GPU-ecc6a1f9-42fe-2932-7ea0-1dd285491b7b, 593, 88, 1328, 43, 137.95
2026/09/08 20:20:02.786, GPU-ecc6a1f9-42fe-2932-7ea0-1dd285491b7b, 593, 100, 1328, 43, 136.03
2026/09/08 20:20:02.989, GPU-ecc6a1f9-42fe-2932-7ea0-1dd285491b7b, 593, 100, 1328, 43, 58.82
2026/09/08 20:20:03.193, GPU-ecc6a1f9-42fe-2932-7ea0-1dd285491b7b, 593, 87, 1328, 43, 126.27
2026/09/08 20:20:03.398, GPU-ecc6a1f9-42fe-2932-7ea0-1dd285491b7b, 593, 100, 1328, 43, 76.27
2026/09/08 20:20:03.602, GPU-ecc6a1f9-42fe-2932-7ea0-1dd285491b7b, 593, 87, 1328, 43, 126.84
2026/09/08 20:20:03.805, GPU-ecc6a1f9-42fe-2932-7ea0-1dd285491b7b, 593, 100, 1328, 43, 125.68
2026/09/08 20:20:04.009, GPU-ecc6a1f9-42fe-2932-7ea0-1dd285491b7b, 593, 100, 1328, 43, 53.09
2026/09/08 20:20:04.212, GPU-ecc6a1f9-42fe-2932-7ea0-1dd285491b7b, 593, 88, 1328, 43, 125.38
2026/09/08 20:20:04.418, GPU-ecc6a1f9-42fe-2932-7ea0-1dd285491b7b, 593, 100, 1328, 43, 76.87
2026/09/08 20:20:04.621, GPU-ecc6a1f9-42fe-2932-7ea0-1dd285491b7b, 593, 87, 1328, 43, 131.65
2026/09/08 20:20:04.825, GPU-ecc6a1f9-42fe-2932-7ea0-1dd285491b7b, 593, 100, 1328, 42, 50.67
2026/09/08 20:20:05.028, GPU-ecc6a1f9-42fe-2932-7ea0-1dd285491b7b, 593, 88, 1328, 43, 122.53
2026/09/08 20:20:05.232, GPU-ecc6a1f9-42fe-2932-7ea0-1dd285491b7b, 593, 100, 1328, 43, 122.07
2026/09/08 20:20:05.437, GPU-ecc6a1f9-42fe-2932-7ea0-1dd285491b7b, 593, 98, 1328, 43, 117.47
2026/09/08 20:20:05.641, GPU-ecc6a1f9-42fe-2932-7ea0-1dd285491b7b, 593, 90, 1328, 43, 123.50
2026/09/08 20:20:05.844, GPU-ecc6a1f9-42fe-2932-7ea0-1dd285491b7b, 593, 100, 1328, 43, 65.87
2026/09/08 20:20:06.047, GPU-ecc6a1f9-42fe-2932-7ea0-1dd285491b7b, 593, 88, 1328, 43, 127.31
2026/09/08 20:20:06.251, GPU-ecc6a1f9-42fe-2932-7ea0-1dd285491b7b, 593, 88, 1328, 43, 119.64
2026/09/08 20:20:06.457, GPU-ecc6a1f9-42fe-2932-7ea0-1dd285491b7b, 593, 100, 1328, 43, 151.09
2026/09/08 20:20:06.660, GPU-ecc6a1f9-42fe-2932-7ea0-1dd285491b7b, 593, 100, 1328, 43, 150.85
2026/09/08 20:20:06.863, GPU-ecc6a1f9-42fe-2932-7ea0-1dd285491b7b, 593, 100, 1328, 44, 149.40
2026/09/08 20:20:07.067, GPU-ecc6a1f9-42fe-2932-7ea0-1dd285491b7b, 593, 100, 1328, 44, 149.60
2026/09/08 20:20:07.271, GPU-ecc6a1f9-42fe-2932-7ea0-1dd285491b7b, 593, 100, 1328, 44, 150.60
2026/09/08 20:20:07.478, GPU-ecc6a1f9-42fe-2932-7ea0-1dd285491b7b, 593, 100, 1328, 44, 149.12
2026/09/08 20:20:07.681, GPU-ecc6a1f9-42fe-2932-7ea0-1dd285491b7b, 593, 88, 1328, 44, 149.15
2026/09/08 20:20:07.885, GPU-ecc6a1f9-42fe-2932-7ea0-1dd285491b7b, 593, 100, 1328, 44, 150.70
2026/09/08 20:20:08.088, GPU-ecc6a1f9-42fe-2932-7ea0-1dd285491b7b, 593, 100, 1328, 44, 150.85
2026/09/08 20:20:08.291, GPU-ecc6a1f9-42fe-2932-7ea0-1dd285491b7b, 593, 100, 1328, 44, 150.22
2026/09/08 20:20:08.495, GPU-ecc6a1f9-42fe-2932-7ea0-1dd285491b7b, 593, 100, 1328, 44, 145.09
2026/09/08 20:20:08.698, GPU-ecc6a1f9-42fe-2932-7ea0-1dd285491b7b, 593, 100, 1328, 44, 120.60
2026/09/08 20:20:08.905, GPU-ecc6a1f9-42fe-2932-7ea0-1dd285491b7b, 593, 77, 1328, 44, 119.89
2026/09/08 20:20:09.108, GPU-ecc6a1f9-42fe-2932-7ea0-1dd285491b7b, 593, 100, 1328, 44, 118.42
2026/09/08 20:20:09.312, GPU-ecc6a1f9-42fe-2932-7ea0-1dd285491b7b, 593, 100, 1328, 44, 119.22
2026/09/08 20:20:09.515, GPU-ecc6a1f9-42fe-2932-7ea0-1dd285491b7b, 593, 100, 1328, 44, 76.53
2026/09/08 20:20:09.718, GPU-ecc6a1f9-42fe-2932-7ea0-1dd285491b7b, 593, 88, 1328, 44, 146.35
2026/09/08 20:20:09.922, GPU-ecc6a1f9-42fe-2932-7ea0-1dd285491b7b, 593, 100, 1328, 44, 145.04
2026/09/08 20:20:10.125, GPU-ecc6a1f9-42fe-2932-7ea0-1dd285491b7b, 593, 100, 1328, 44, 146.93
2026/09/08 20:20:10.329, GPU-ecc6a1f9-42fe-2932-7ea0-1dd285491b7b, 593, 100, 1328, 44, 146.25
2026/09/08 20:20:10.534, GPU-ecc6a1f9-42fe-2932-7ea0-1dd285491b7b, 593, 100, 1328, 44, 146.54
2026/09/08 20:20:10.738, GPU-ecc6a1f9-42fe-2932-7ea0-1dd285491b7b, 593, 100, 1328, 44, 98.45
2026/09/08 20:20:10.941, GPU-ecc6a1f9-42fe-2932-7ea0-1dd285491b7b, 593, 88, 1328, 44, 130.30
2026/09/08 20:20:11.145, GPU-ecc6a1f9-42fe-2932-7ea0-1dd285491b7b, 593, 100, 1328, 44, 131.67
2026/09/08 20:20:11.348, GPU-ecc6a1f9-42fe-2932-7ea0-1dd285491b7b, 593, 100, 1328, 44, 123.20
2026/09/08 20:20:11.551, GPU-ecc6a1f9-42fe-2932-7ea0-1dd285491b7b, 593, 100, 1328, 44, 133.83
2026/09/08 20:20:11.757, GPU-ecc6a1f9-42fe-2932-7ea0-1dd285491b7b, 593, 88, 1328, 44, 133.55
2026/09/08 20:20:11.960, GPU-ecc6a1f9-42fe-2932-7ea0-1dd285491b7b, 593, 100, 1328, 44, 115.60
2026/09/08 20:20:12.164, GPU-ecc6a1f9-42fe-2932-7ea0-1dd285491b7b, 593, 88, 1328, 44, 122.07
2026/09/08 20:20:12.367, GPU-ecc6a1f9-42fe-2932-7ea0-1dd285491b7b, 593, 100, 1328, 44, 78.66
2026/09/08 20:20:12.571, GPU-ecc6a1f9-42fe-2932-7ea0-1dd285491b7b, 593, 100, 1328, 44, 122.23
2026/09/08 20:20:12.777, GPU-ecc6a1f9-42fe-2932-7ea0-1dd285491b7b, 593, 100, 1328, 44, 120.60
2026/09/08 20:20:12.980, GPU-ecc6a1f9-42fe-2932-7ea0-1dd285491b7b, 593, 100, 1328, 44, 79.88
2026/09/08 20:20:13.184, GPU-ecc6a1f9-42fe-2932-7ea0-1dd285491b7b, 593, 99, 1328, 44, 122.29
2026/09/08 20:20:13.387, GPU-ecc6a1f9-42fe-2932-7ea0-1dd285491b7b, 593, 89, 1328, 44, 122.05
2026/09/08 20:20:13.590, GPU-ecc6a1f9-42fe-2932-7ea0-1dd285491b7b, 593, 100, 1328, 44, 47.76
2026/09/08 20:20:13.797, GPU-ecc6a1f9-42fe-2932-7ea0-1dd285491b7b, 593, 100, 1328, 44, 129.47
2026/09/08 20:20:14.000, GPU-ecc6a1f9-42fe-2932-7ea0-1dd285491b7b, 593, 99, 1328, 44, 120.06
2026/09/08 20:20:14.204, GPU-ecc6a1f9-42fe-2932-7ea0-1dd285491b7b, 593, 88, 1328, 44, 118.90
2026/09/08 20:20:14.407, GPU-ecc6a1f9-42fe-2932-7ea0-1dd285491b7b, 593, 100, 1328, 44, 119.00
2026/09/08 20:20:14.610, GPU-ecc6a1f9-42fe-2932-7ea0-1dd285491b7b, 593, 88, 1328, 44, 116.26
2026/09/08 20:20:14.816, GPU-ecc6a1f9-42fe-2932-7ea0-1dd285491b7b, 593, 100, 1328, 44, 119.65
2026/09/08 20:20:15.019, GPU-ecc6a1f9-42fe-2932-7ea0-1dd285491b7b, 593, 100, 1328, 44, 110.98
2026/09/08 20:20:15.223, GPU-ecc6a1f9-42fe-2932-7ea0-1dd285491b7b, 593, 88, 1328, 44, 124.71
2026/09/08 20:20:15.426, GPU-ecc6a1f9-42fe-2932-7ea0-1dd285491b7b, 593, 100, 1328, 44, 66.60
2026/09/08 20:20:15.630, GPU-ecc6a1f9-42fe-2932-7ea0-1dd285491b7b, 593, 100, 1328, 44, 144.52
2026/09/08 20:20:15.835, GPU-ecc6a1f9-42fe-2932-7ea0-1dd285491b7b, 593, 100, 1328, 45, 146.98
2026/09/08 20:20:16.039, GPU-ecc6a1f9-42fe-2932-7ea0-1dd285491b7b, 593, 100, 1328, 45, 146.54
2026/09/08 20:20:16.242, GPU-ecc6a1f9-42fe-2932-7ea0-1dd285491b7b, 593, 100, 1328, 45, 146.25
2026/09/08 20:20:16.445, GPU-ecc6a1f9-42fe-2932-7ea0-1dd285491b7b, 593, 100, 1328, 45, 146.70
2026/09/08 20:20:16.649, GPU-ecc6a1f9-42fe-2932-7ea0-1dd285491b7b, 593, 100, 1328, 45, 119.89
2026/09/08 20:20:16.852, GPU-ecc6a1f9-42fe-2932-7ea0-1dd285491b7b, 593, 88, 1328, 45, 146.83
2026/09/08 20:20:17.058, GPU-ecc6a1f9-42fe-2932-7ea0-1dd285491b7b, 593, 100, 1328, 45, 147.22
2026/09/08 20:20:17.261, GPU-ecc6a1f9-42fe-2932-7ea0-1dd285491b7b, 593, 100, 1328, 45, 146.06
2026/09/08 20:20:17.464, GPU-ecc6a1f9-42fe-2932-7ea0-1dd285491b7b, 593, 100, 1328, 45, 146.74
2026/09/08 20:20:17.668, GPU-ecc6a1f9-42fe-2932-7ea0-1dd285491b7b, 593, 100, 1328, 45, 147.03
2026/09/08 20:20:17.871, GPU-ecc6a1f9-42fe-2932-7ea0-1dd285491b7b, 593, 100, 1328, 45, 145.77
2026/09/08 20:20:18.077, GPU-ecc6a1f9-42fe-2932-7ea0-1dd285491b7b, 593, 100, 1328, 45, 128.12
2026/09/08 20:20:18.280, GPU-ecc6a1f9-42fe-2932-7ea0-1dd285491b7b, 593, 88, 1328, 45, 125.20
2026/09/08 20:20:18.484, GPU-ecc6a1f9-42fe-2932-7ea0-1dd285491b7b, 593, 100, 1328, 45, 126.41
2026/09/08 20:20:18.687, GPU-ecc6a1f9-42fe-2932-7ea0-1dd285491b7b, 593, 100, 1328, 45, 114.38
2026/09/08 20:20:18.890, GPU-ecc6a1f9-42fe-2932-7ea0-1dd285491b7b, 593, 100, 1328, 45, 145.53
2026/09/08 20:20:19.096, GPU-ecc6a1f9-42fe-2932-7ea0-1dd285491b7b, 593, 87, 1328, 45, 144.32
2026/09/08 20:20:19.300, GPU-ecc6a1f9-42fe-2932-7ea0-1dd285491b7b, 593, 100, 1328, 45, 146.01
2026/09/08 20:20:19.504, GPU-ecc6a1f9-42fe-2932-7ea0-1dd285491b7b, 593, 100, 1328, 45, 145.64
2026/09/08 20:20:19.707, GPU-ecc6a1f9-42fe-2932-7ea0-1dd285491b7b, 593, 100, 1328, 46, 146.01
2026/09/08 20:20:19.911, GPU-ecc6a1f9-42fe-2932-7ea0-1dd285491b7b, 593, 100, 1328, 46, 146.30
2026/09/08 20:20:20.116, GPU-ecc6a1f9-42fe-2932-7ea0-1dd285491b7b, 593, 100, 1328, 45, 119.08
2026/09/08 20:20:20.319, GPU-ecc6a1f9-42fe-2932-7ea0-1dd285491b7b, 593, 100, 1328, 46, 134.27
2026/09/08 20:20:20.523, GPU-ecc6a1f9-42fe-2932-7ea0-1dd285491b7b, 593, 100, 1328, 46, 133.30
2026/09/08 20:20:20.726, GPU-ecc6a1f9-42fe-2932-7ea0-1dd285491b7b, 593, 100, 1328, 46, 89.17
2026/09/08 20:20:20.931, GPU-ecc6a1f9-42fe-2932-7ea0-1dd285491b7b, 593, 88, 1328, 46, 140.97
2026/09/08 20:20:21.135, GPU-ecc6a1f9-42fe-2932-7ea0-1dd285491b7b, 593, 100, 1328, 46, 139.76
2026/09/08 20:20:21.339, GPU-ecc6a1f9-42fe-2932-7ea0-1dd285491b7b, 593, 88, 1328, 46, 130.63
2026/09/08 20:20:21.542, GPU-ecc6a1f9-42fe-2932-7ea0-1dd285491b7b, 593, 100, 1328, 46, 127.49
2026/09/08 20:20:21.745, GPU-ecc6a1f9-42fe-2932-7ea0-1dd285491b7b, 593, 100, 1328, 45, 126.04
2026/09/08 20:20:21.949, GPU-ecc6a1f9-42fe-2932-7ea0-1dd285491b7b, 593, 88, 1328, 46, 123.93
2026/09/08 20:20:22.154, GPU-ecc6a1f9-42fe-2932-7ea0-1dd285491b7b, 593, 100, 1328, 46, 80.95
2026/09/08 20:20:22.358, GPU-ecc6a1f9-42fe-2932-7ea0-1dd285491b7b, 593, 88, 1328, 45, 130.39
2026/09/08 20:20:22.561, GPU-ecc6a1f9-42fe-2932-7ea0-1dd285491b7b, 593, 100, 1328, 46, 129.18
2026/09/08 20:20:22.765, GPU-ecc6a1f9-42fe-2932-7ea0-1dd285491b7b, 593, 100, 1328, 45, 132.57
2026/09/08 20:20:22.968, GPU-ecc6a1f9-42fe-2932-7ea0-1dd285491b7b, 593, 100, 1328, 46, 86.06
2026/09/08 20:20:23.174, GPU-ecc6a1f9-42fe-2932-7ea0-1dd285491b7b, 593, 88, 1328, 45, 122.71
2026/09/08 20:20:23.377, GPU-ecc6a1f9-42fe-2932-7ea0-1dd285491b7b, 593, 100, 1328, 45, 121.75
2026/09/08 20:20:23.581, GPU-ecc6a1f9-42fe-2932-7ea0-1dd285491b7b, 593, 100, 1328, 46, 121.75
2026/09/08 20:20:23.784, GPU-ecc6a1f9-42fe-2932-7ea0-1dd285491b7b, 593, 100, 1328, 46, 125.55
2026/09/08 20:20:23.987, GPU-ecc6a1f9-42fe-2932-7ea0-1dd285491b7b, 593, 100, 1328, 46, 125.38
2026/09/08 20:20:24.193, GPU-ecc6a1f9-42fe-2932-7ea0-1dd285491b7b, 593, 87, 1328, 46, 127.49
2026/09/08 20:20:24.396, GPU-ecc6a1f9-42fe-2932-7ea0-1dd285491b7b, 593, 100, 1328, 46, 127.01
2026/09/08 20:20:24.600, GPU-ecc6a1f9-42fe-2932-7ea0-1dd285491b7b, 593, 93, 1328, 46, 152.75
2026/09/08 20:20:24.804, GPU-ecc6a1f9-42fe-2932-7ea0-1dd285491b7b, 593, 100, 1328, 46, 152.98
2026/09/08 20:20:25.007, GPU-ecc6a1f9-42fe-2932-7ea0-1dd285491b7b, 593, 100, 1328, 46, 152.03
2026/09/08 20:20:25.213, GPU-ecc6a1f9-42fe-2932-7ea0-1dd285491b7b, 593, 100, 1328, 46, 151.30
2026/09/08 20:20:25.416, GPU-ecc6a1f9-42fe-2932-7ea0-1dd285491b7b, 593, 100, 1328, 46, 152.99
2026/09/08 20:20:25.619, GPU-ecc6a1f9-42fe-2932-7ea0-1dd285491b7b, 593, 100, 1328, 46, 130.88
2026/09/08 20:20:25.823, GPU-ecc6a1f9-42fe-2932-7ea0-1dd285491b7b, 593, 88, 1328, 47, 151.54
2026/09/08 20:20:26.026, GPU-ecc6a1f9-42fe-2932-7ea0-1dd285491b7b, 593, 100, 1328, 47, 151.78
2026/09/08 20:20:26.233, GPU-ecc6a1f9-42fe-2932-7ea0-1dd285491b7b, 593, 100, 1328, 47, 153.24
2026/09/08 20:20:26.436, GPU-ecc6a1f9-42fe-2932-7ea0-1dd285491b7b, 593, 100, 1328, 47, 153.24
2026/09/08 20:20:26.646, GPU-ecc6a1f9-42fe-2932-7ea0-1dd285491b7b, 593, 100, 1328, 47, 152.51
2026/09/08 20:20:26.852, GPU-ecc6a1f9-42fe-2932-7ea0-1dd285491b7b, 593, 100, 1328, 47, 62.56
2026/09/08 20:20:27.055, GPU-ecc6a1f9-42fe-2932-7ea0-1dd285491b7b, 593, 88, 1328, 47, 125.62
2026/09/08 20:20:27.258, GPU-ecc6a1f9-42fe-2932-7ea0-1dd285491b7b, 593, 100, 1328, 47, 124.90
2026/09/08 20:20:27.462, GPU-ecc6a1f9-42fe-2932-7ea0-1dd285491b7b, 593, 100, 1328, 47, 123.93
2026/09/08 20:20:27.665, GPU-ecc6a1f9-42fe-2932-7ea0-1dd285491b7b, 593, 100, 1328, 47, 87.52
2026/09/08 20:20:27.872, GPU-ecc6a1f9-42fe-2932-7ea0-1dd285491b7b, 593, 87, 1328, 47, 150.32
2026/09/08 20:20:28.075, GPU-ecc6a1f9-42fe-2932-7ea0-1dd285491b7b, 593, 100, 1328, 47, 152.27
2026/09/08 20:20:28.279, GPU-ecc6a1f9-42fe-2932-7ea0-1dd285491b7b, 593, 100, 1328, 47, 152.75
2026/09/08 20:20:28.482, GPU-ecc6a1f9-42fe-2932-7ea0-1dd285491b7b, 593, 100, 1328, 47, 152.27
2026/09/08 20:20:28.686, GPU-ecc6a1f9-42fe-2932-7ea0-1dd285491b7b, 593, 100, 1328, 47, 152.03
2026/09/08 20:20:28.891, GPU-ecc6a1f9-42fe-2932-7ea0-1dd285491b7b, 593, 100, 1328, 47, 68.64
2026/09/08 20:20:29.095, GPU-ecc6a1f9-42fe-2932-7ea0-1dd285491b7b, 593, 88, 1328, 47, 134.51
2026/09/08 20:20:29.298, GPU-ecc6a1f9-42fe-2932-7ea0-1dd285491b7b, 593, 100, 1328, 47, 132.82
2026/09/08 20:20:29.502, GPU-ecc6a1f9-42fe-2932-7ea0-1dd285491b7b, 593, 100, 1328, 47, 124.17
2026/09/08 20:20:29.706, GPU-ecc6a1f9-42fe-2932-7ea0-1dd285491b7b, 593, 89, 1328, 47, 138.08
2026/09/08 20:20:29.910, GPU-ecc6a1f9-42fe-2932-7ea0-1dd285491b7b, 593, 100, 1328, 47, 137.84
2026/09/08 20:20:30.114, GPU-ecc6a1f9-42fe-2932-7ea0-1dd285491b7b, 593, 100, 1328, 47, 110.66
2026/09/08 20:20:30.318, GPU-ecc6a1f9-42fe-2932-7ea0-1dd285491b7b, 593, 100, 1328, 47, 127.49
2026/09/08 20:20:30.521, GPU-ecc6a1f9-42fe-2932-7ea0-1dd285491b7b, 593, 100, 1328, 47, 74.64
2026/09/08 20:20:30.724, GPU-ecc6a1f9-42fe-2932-7ea0-1dd285491b7b, 593, 88, 1328, 47, 123.68
2026/09/08 20:20:30.929, GPU-ecc6a1f9-42fe-2932-7ea0-1dd285491b7b, 593, 100, 1328, 47, 124.17
2026/09/08 20:20:31.133, GPU-ecc6a1f9-42fe-2932-7ea0-1dd285491b7b, 593, 100, 1328, 47, 72.25
2026/09/08 20:20:31.336, GPU-ecc6a1f9-42fe-2932-7ea0-1dd285491b7b, 593, 88, 1328, 47, 126.76
2026/09/08 20:20:31.540, GPU-ecc6a1f9-42fe-2932-7ea0-1dd285491b7b, 593, 100, 1328, 47, 80.47
2026/09/08 20:20:31.743, GPU-ecc6a1f9-42fe-2932-7ea0-1dd285491b7b, 593, 88, 1328, 47, 131.84
2026/09/08 20:20:31.947, GPU-ecc6a1f9-42fe-2932-7ea0-1dd285491b7b, 593, 100, 1328, 47, 79.74
2026/09/08 20:20:32.150, GPU-ecc6a1f9-42fe-2932-7ea0-1dd285491b7b, 593, 98, 1328, 47, 121.99
2026/09/08 20:20:32.355, GPU-ecc6a1f9-42fe-2932-7ea0-1dd285491b7b, 593, 100, 1328, 47, 121.50
2026/09/08 20:20:32.559, GPU-ecc6a1f9-42fe-2932-7ea0-1dd285491b7b, 593, 100, 1328, 47, 121.50
2026/09/08 20:20:32.762, GPU-ecc6a1f9-42fe-2932-7ea0-1dd285491b7b, 593, 71, 1328, 47, 124.65
2026/09/08 20:20:32.966, GPU-ecc6a1f9-42fe-2932-7ea0-1dd285491b7b, 593, 100, 1328, 47, 124.41
2026/09/08 20:20:33.169, GPU-ecc6a1f9-42fe-2932-7ea0-1dd285491b7b, 593, 88, 1328, 47, 127.01
2026/09/08 20:20:33.373, GPU-ecc6a1f9-42fe-2932-7ea0-1dd285491b7b, 593, 100, 1328, 47, 127.49
2026/09/08 20:20:33.576, GPU-ecc6a1f9-42fe-2932-7ea0-1dd285491b7b, 593, 88, 1328, 47, 127.73
2026/09/08 20:20:33.780, GPU-ecc6a1f9-42fe-2932-7ea0-1dd285491b7b, 593, 100, 1328, 47, 131.13
2026/09/08 20:20:33.986, GPU-ecc6a1f9-42fe-2932-7ea0-1dd285491b7b, 593, 100, 1328, 47, 130.64
2026/09/08 20:20:34.189, GPU-ecc6a1f9-42fe-2932-7ea0-1dd285491b7b, 593, 100, 1328, 47, 129.19
2026/09/08 20:20:34.393, GPU-ecc6a1f9-42fe-2932-7ea0-1dd285491b7b, 593, 100, 1328, 47, 137.82
2026/09/08 20:20:34.596, GPU-ecc6a1f9-42fe-2932-7ea0-1dd285491b7b, 593, 88, 1328, 47, 149.85
2026/09/08 20:20:34.800, GPU-ecc6a1f9-42fe-2932-7ea0-1dd285491b7b, 593, 100, 1328, 47, 150.57
2026/09/08 20:20:35.003, GPU-ecc6a1f9-42fe-2932-7ea0-1dd285491b7b, 593, 100, 1328, 48, 149.60
2026/09/08 20:20:35.209, GPU-ecc6a1f9-42fe-2932-7ea0-1dd285491b7b, 593, 100, 1328, 48, 149.60
2026/09/08 20:20:35.412, GPU-ecc6a1f9-42fe-2932-7ea0-1dd285491b7b, 593, 100, 1328, 48, 149.85
2026/09/08 20:20:35.615, GPU-ecc6a1f9-42fe-2932-7ea0-1dd285491b7b, 593, 100, 1328, 47, 130.16
2026/09/08 20:20:35.819, GPU-ecc6a1f9-42fe-2932-7ea0-1dd285491b7b, 593, 88, 1328, 48, 131.84
2026/09/08 20:20:36.022, GPU-ecc6a1f9-42fe-2932-7ea0-1dd285491b7b, 593, 100, 1328, 48, 130.64
2026/09/08 20:20:36.229, GPU-ecc6a1f9-42fe-2932-7ea0-1dd285491b7b, 593, 100, 1328, 48, 125.87
2026/09/08 20:20:36.432, GPU-ecc6a1f9-42fe-2932-7ea0-1dd285491b7b, 593, 100, 1328, 47, 149.36
2026/09/08 20:20:36.635, GPU-ecc6a1f9-42fe-2932-7ea0-1dd285491b7b, 593, 88, 1328, 47, 150.33
2026/09/08 20:20:36.839, GPU-ecc6a1f9-42fe-2932-7ea0-1dd285491b7b, 593, 100, 1328, 48, 152.75
2026/09/08 20:20:37.042, GPU-ecc6a1f9-42fe-2932-7ea0-1dd285491b7b, 593, 100, 1328, 48, 153.48
2026/09/08 20:20:37.248, GPU-ecc6a1f9-42fe-2932-7ea0-1dd285491b7b, 593, 100, 1328, 48, 152.51
2026/09/08 20:20:37.451, GPU-ecc6a1f9-42fe-2932-7ea0-1dd285491b7b, 593, 100, 1328, 48, 145.82
2026/09/08 20:20:37.655, GPU-ecc6a1f9-42fe-2932-7ea0-1dd285491b7b, 593, 100, 1328, 48, 137.59
2026/09/08 20:20:37.858, GPU-ecc6a1f9-42fe-2932-7ea0-1dd285491b7b, 593, 100, 1328, 48, 135.96
2026/09/08 20:20:38.061, GPU-ecc6a1f9-42fe-2932-7ea0-1dd285491b7b, 593, 100, 1328, 48, 134.51
2026/09/08 20:20:38.267, GPU-ecc6a1f9-42fe-2932-7ea0-1dd285491b7b, 593, 100, 1328, 48, 139.29
2026/09/08 20:20:38.471, GPU-ecc6a1f9-42fe-2932-7ea0-1dd285491b7b, 593, 88, 1328, 48, 139.76
2026/09/08 20:20:38.674, GPU-ecc6a1f9-42fe-2932-7ea0-1dd285491b7b, 593, 100, 1328, 48, 127.81
2026/09/08 20:20:38.877, GPU-ecc6a1f9-42fe-2932-7ea0-1dd285491b7b, 593, 88, 1328, 48, 129.19
2026/09/08 20:20:39.081, GPU-ecc6a1f9-42fe-2932-7ea0-1dd285491b7b, 593, 100, 1328, 48, 80.48
2026/09/08 20:20:39.286, GPU-ecc6a1f9-42fe-2932-7ea0-1dd285491b7b, 593, 88, 1328, 48, 128.95
2026/09/08 20:20:39.490, GPU-ecc6a1f9-42fe-2932-7ea0-1dd285491b7b, 593, 100, 1328, 48, 127.49
2026/09/08 20:20:39.693, GPU-ecc6a1f9-42fe-2932-7ea0-1dd285491b7b, 593, 100, 1328, 47, 79.02
2026/09/08 20:20:39.897, GPU-ecc6a1f9-42fe-2932-7ea0-1dd285491b7b, 593, 88, 1328, 48, 129.67
2026/09/08 20:20:40.100, GPU-ecc6a1f9-42fe-2932-7ea0-1dd285491b7b, 593, 100, 1328, 48, 79.74
2026/09/08 20:20:40.306, GPU-ecc6a1f9-42fe-2932-7ea0-1dd285491b7b, 593, 93, 1328, 47, 134.51
2026/09/08 20:20:40.509, GPU-ecc6a1f9-42fe-2932-7ea0-1dd285491b7b, 593, 95, 1328, 47, 71.76
2026/09/08 20:20:40.713, GPU-ecc6a1f9-42fe-2932-7ea0-1dd285491b7b, 593, 88, 1328, 48, 124.90
2026/09/08 20:20:40.916, GPU-ecc6a1f9-42fe-2932-7ea0-1dd285491b7b, 593, 100, 1328, 48, 124.41
2026/09/08 20:20:41.120, GPU-ecc6a1f9-42fe-2932-7ea0-1dd285491b7b, 593, 100, 1328, 48, 67.91
2026/09/08 20:20:41.325, GPU-ecc6a1f9-42fe-2932-7ea0-1dd285491b7b, 593, 87, 1328, 48, 126.04
2026/09/08 20:20:41.529, GPU-ecc6a1f9-42fe-2932-7ea0-1dd285491b7b, 593, 100, 1328, 48, 126.11
2026/09/08 20:20:41.733, GPU-ecc6a1f9-42fe-2932-7ea0-1dd285491b7b, 593, 88, 1328, 48, 129.19
2026/09/08 20:20:41.936, GPU-ecc6a1f9-42fe-2932-7ea0-1dd285491b7b, 593, 100, 1328, 48, 69.58
2026/09/08 20:20:42.139, GPU-ecc6a1f9-42fe-2932-7ea0-1dd285491b7b, 303, 47, 1328, 47, 41.67
2026/09/08 20:20:42.345, GPU-ecc6a1f9-42fe-2932-7ea0-1dd285491b7b, 5, 6, 1328, 46, 41.43
2026/09/08 20:20:42.548, GPU-ecc6a1f9-42fe-2932-7ea0-1dd285491b7b, 5, 0, 1328, 46, 40.94
2026/09/08 20:20:42.752, GPU-ecc6a1f9-42fe-2932-7ea0-1dd285491b7b, 7, 0, 1328, 46, 40.94
2026/09/08 20:20:42.955, GPU-ecc6a1f9-42fe-2932-7ea0-1dd285491b7b, 15, 0, 1328, 46, 40.70
2026/09/08 20:20:43.175, GPU-ecc6a1f9-42fe-2932-7ea0-1dd285491b7b, 493, 6, 1328, 46, 147.66
2026/09/08 20:20:43.379, GPU-ecc6a1f9-42fe-2932-7ea0-1dd285491b7b, 493, 100, 1328, 47, 148.15
2026/09/08 20:20:43.584, GPU-ecc6a1f9-42fe-2932-7ea0-1dd285491b7b, 493, 100, 1328, 47, 148.40
2026/09/08 20:20:43.787, GPU-ecc6a1f9-42fe-2932-7ea0-1dd285491b7b, 493, 100, 1328, 47, 148.40
2026/09/08 20:20:43.991, GPU-ecc6a1f9-42fe-2932-7ea0-1dd285491b7b, 493, 100, 1328, 48, 148.15
2026/09/08 20:20:44.194, GPU-ecc6a1f9-42fe-2932-7ea0-1dd285491b7b, 493, 100, 1328, 48, 147.67
2026/09/08 20:20:44.398, GPU-ecc6a1f9-42fe-2932-7ea0-1dd285491b7b, 493, 69, 1328, 47, 100.76
2026/09/08 20:20:44.603, GPU-ecc6a1f9-42fe-2932-7ea0-1dd285491b7b, 493, 90, 1328, 48, 124.17
2026/09/08 20:20:44.807, GPU-ecc6a1f9-42fe-2932-7ea0-1dd285491b7b, 493, 100, 1328, 48, 57.69
2026/09/08 20:20:45.010, GPU-ecc6a1f9-42fe-2932-7ea0-1dd285491b7b, 595, 58, 1328, 47, 113.01
2026/09/08 20:20:45.214, GPU-ecc6a1f9-42fe-2932-7ea0-1dd285491b7b, 595, 100, 1328, 48, 148.15
2026/09/08 20:20:45.417, GPU-ecc6a1f9-42fe-2932-7ea0-1dd285491b7b, 595, 100, 1328, 48, 148.40
2026/09/08 20:20:45.623, GPU-ecc6a1f9-42fe-2932-7ea0-1dd285491b7b, 595, 100, 1328, 48, 148.64
2026/09/08 20:20:45.826, GPU-ecc6a1f9-42fe-2932-7ea0-1dd285491b7b, 595, 100, 1328, 48, 148.64
2026/09/08 20:20:46.030, GPU-ecc6a1f9-42fe-2932-7ea0-1dd285491b7b, 595, 100, 1328, 48, 148.88
2026/09/08 20:20:46.233, GPU-ecc6a1f9-42fe-2932-7ea0-1dd285491b7b, 595, 100, 1328, 48, 48.50
2026/09/08 20:20:46.437, GPU-ecc6a1f9-42fe-2932-7ea0-1dd285491b7b, 595, 86, 1328, 48, 149.60
2026/09/08 20:20:46.642, GPU-ecc6a1f9-42fe-2932-7ea0-1dd285491b7b, 595, 100, 1328, 48, 149.12
2026/09/08 20:20:46.846, GPU-ecc6a1f9-42fe-2932-7ea0-1dd285491b7b, 595, 100, 1328, 48, 148.64
2026/09/08 20:20:47.049, GPU-ecc6a1f9-42fe-2932-7ea0-1dd285491b7b, 595, 100, 1328, 48, 148.64
2026/09/08 20:20:47.252, GPU-ecc6a1f9-42fe-2932-7ea0-1dd285491b7b, 595, 100, 1328, 49, 148.88
2026/09/08 20:20:47.456, GPU-ecc6a1f9-42fe-2932-7ea0-1dd285491b7b, 595, 100, 1328, 48, 56.99
2026/09/08 20:20:47.662, GPU-ecc6a1f9-42fe-2932-7ea0-1dd285491b7b, 595, 71, 1328, 48, 121.26
2026/09/08 20:20:47.865, GPU-ecc6a1f9-42fe-2932-7ea0-1dd285491b7b, 595, 100, 1328, 48, 121.75
2026/09/08 20:20:48.068, GPU-ecc6a1f9-42fe-2932-7ea0-1dd285491b7b, 595, 100, 1328, 48, 121.02
2026/09/08 20:20:48.272, GPU-ecc6a1f9-42fe-2932-7ea0-1dd285491b7b, 595, 100, 1328, 48, 121.02
2026/09/08 20:20:48.475, GPU-ecc6a1f9-42fe-2932-7ea0-1dd285491b7b, 595, 100, 1328, 48, 151.77
2026/09/08 20:20:48.681, GPU-ecc6a1f9-42fe-2932-7ea0-1dd285491b7b, 595, 86, 1328, 48, 152.51
2026/09/08 20:20:48.884, GPU-ecc6a1f9-42fe-2932-7ea0-1dd285491b7b, 595, 100, 1328, 49, 152.75
2026/09/08 20:20:49.088, GPU-ecc6a1f9-42fe-2932-7ea0-1dd285491b7b, 595, 100, 1328, 49, 152.75
2026/09/08 20:20:49.291, GPU-ecc6a1f9-42fe-2932-7ea0-1dd285491b7b, 595, 100, 1328, 49, 152.51
2026/09/08 20:20:49.495, GPU-ecc6a1f9-42fe-2932-7ea0-1dd285491b7b, 595, 100, 1328, 49, 152.51
2026/09/08 20:20:49.701, GPU-ecc6a1f9-42fe-2932-7ea0-1dd285491b7b, 595, 100, 1328, 49, 132.33
2026/09/08 20:20:49.904, GPU-ecc6a1f9-42fe-2932-7ea0-1dd285491b7b, 595, 100, 1328, 49, 131.85
2026/09/08 20:20:50.107, GPU-ecc6a1f9-42fe-2932-7ea0-1dd285491b7b, 595, 100, 1328, 49, 130.88
2026/09/08 20:20:50.311, GPU-ecc6a1f9-42fe-2932-7ea0-1dd285491b7b, 595, 100, 1328, 49, 56.74
2026/09/08 20:20:50.514, GPU-ecc6a1f9-42fe-2932-7ea0-1dd285491b7b, 595, 86, 1328, 49, 134.02
2026/09/08 20:20:50.720, GPU-ecc6a1f9-42fe-2932-7ea0-1dd285491b7b, 595, 100, 1328, 49, 135.24
2026/09/08 20:20:50.923, GPU-ecc6a1f9-42fe-2932-7ea0-1dd285491b7b, 595, 84, 1328, 49, 123.93
2026/09/08 20:20:51.127, GPU-ecc6a1f9-42fe-2932-7ea0-1dd285491b7b, 595, 100, 1328, 49, 124.65
2026/09/08 20:20:51.330, GPU-ecc6a1f9-42fe-2932-7ea0-1dd285491b7b, 595, 100, 1328, 48, 88.19
2026/09/08 20:20:51.534, GPU-ecc6a1f9-42fe-2932-7ea0-1dd285491b7b, 595, 76, 1328, 49, 120.78
2026/09/08 20:20:51.739, GPU-ecc6a1f9-42fe-2932-7ea0-1dd285491b7b, 595, 100, 1328, 49, 116.90
2026/09/08 20:20:51.943, GPU-ecc6a1f9-42fe-2932-7ea0-1dd285491b7b, 595, 100, 1328, 48, 104.40
2026/09/08 20:20:52.146, GPU-ecc6a1f9-42fe-2932-7ea0-1dd285491b7b, 595, 86, 1328, 49, 124.41
2026/09/08 20:20:52.350, GPU-ecc6a1f9-42fe-2932-7ea0-1dd285491b7b, 595, 100, 1328, 48, 56.99
2026/09/08 20:20:52.553, GPU-ecc6a1f9-42fe-2932-7ea0-1dd285491b7b, 595, 100, 1328, 49, 129.92
2026/09/08 20:20:52.759, GPU-ecc6a1f9-42fe-2932-7ea0-1dd285491b7b, 595, 86, 1328, 48, 121.02
2026/09/08 20:20:52.962, GPU-ecc6a1f9-42fe-2932-7ea0-1dd285491b7b, 595, 100, 1328, 49, 120.05
2026/09/08 20:20:53.166, GPU-ecc6a1f9-42fe-2932-7ea0-1dd285491b7b, 595, 100, 1328, 49, 120.05
2026/09/08 20:20:53.369, GPU-ecc6a1f9-42fe-2932-7ea0-1dd285491b7b, 595, 100, 1328, 48, 44.60
2026/09/08 20:20:53.573, GPU-ecc6a1f9-42fe-2932-7ea0-1dd285491b7b, 595, 100, 1328, 49, 121.75
2026/09/08 20:20:53.776, GPU-ecc6a1f9-42fe-2932-7ea0-1dd285491b7b, 595, 100, 1328, 49, 121.99
2026/09/08 20:20:53.981, GPU-ecc6a1f9-42fe-2932-7ea0-1dd285491b7b, 595, 86, 1328, 49, 125.55
2026/09/08 20:20:54.185, GPU-ecc6a1f9-42fe-2932-7ea0-1dd285491b7b, 595, 100, 1328, 49, 126.11
2026/09/08 20:20:54.388, GPU-ecc6a1f9-42fe-2932-7ea0-1dd285491b7b, 595, 100, 1328, 48, 148.88
2026/09/08 20:20:54.592, GPU-ecc6a1f9-42fe-2932-7ea0-1dd285491b7b, 595, 100, 1328, 49, 149.12
2026/09/08 20:20:54.795, GPU-ecc6a1f9-42fe-2932-7ea0-1dd285491b7b, 595, 100, 1328, 49, 148.64
2026/09/08 20:20:54.999, GPU-ecc6a1f9-42fe-2932-7ea0-1dd285491b7b, 595, 100, 1328, 49, 148.15
2026/09/08 20:20:55.202, GPU-ecc6a1f9-42fe-2932-7ea0-1dd285491b7b, 595, 100, 1328, 49, 147.91
2026/09/08 20:20:55.406, GPU-ecc6a1f9-42fe-2932-7ea0-1dd285491b7b, 595, 100, 1328, 49, 147.67
2026/09/08 20:20:55.611, GPU-ecc6a1f9-42fe-2932-7ea0-1dd285491b7b, 595, 87, 1328, 49, 143.64
2026/09/08 20:20:55.815, GPU-ecc6a1f9-42fe-2932-7ea0-1dd285491b7b, 595, 100, 1328, 49, 147.43
2026/09/08 20:20:56.018, GPU-ecc6a1f9-42fe-2932-7ea0-1dd285491b7b, 595, 100, 1328, 49, 147.43
2026/09/08 20:20:56.222, GPU-ecc6a1f9-42fe-2932-7ea0-1dd285491b7b, 595, 100, 1328, 49, 147.91
2026/09/08 20:20:56.425, GPU-ecc6a1f9-42fe-2932-7ea0-1dd285491b7b, 595, 100, 1328, 49, 148.15
2026/09/08 20:20:56.629, GPU-ecc6a1f9-42fe-2932-7ea0-1dd285491b7b, 595, 100, 1328, 49, 148.64
2026/09/08 20:20:56.832, GPU-ecc6a1f9-42fe-2932-7ea0-1dd285491b7b, 595, 100, 1328, 49, 63.05
2026/09/08 20:20:57.039, GPU-ecc6a1f9-42fe-2932-7ea0-1dd285491b7b, 595, 87, 1328, 49, 130.17
2026/09/08 20:20:57.242, GPU-ecc6a1f9-42fe-2932-7ea0-1dd285491b7b, 595, 100, 1328, 49, 129.43
2026/09/08 20:20:57.446, GPU-ecc6a1f9-42fe-2932-7ea0-1dd285491b7b, 595, 100, 1328, 49, 128.71
2026/09/08 20:20:57.649, GPU-ecc6a1f9-42fe-2932-7ea0-1dd285491b7b, 595, 100, 1328, 49, 80.47
2026/09/08 20:20:57.853, GPU-ecc6a1f9-42fe-2932-7ea0-1dd285491b7b, 595, 86, 1328, 49, 148.15
2026/09/08 20:20:58.060, GPU-ecc6a1f9-42fe-2932-7ea0-1dd285491b7b, 595, 100, 1328, 49, 149.36
2026/09/08 20:20:58.263, GPU-ecc6a1f9-42fe-2932-7ea0-1dd285491b7b, 595, 100, 1328, 50, 149.85
2026/09/08 20:20:58.467, GPU-ecc6a1f9-42fe-2932-7ea0-1dd285491b7b, 595, 100, 1328, 50, 149.60
2026/09/08 20:20:58.670, GPU-ecc6a1f9-42fe-2932-7ea0-1dd285491b7b, 595, 100, 1328, 50, 149.60
2026/09/08 20:20:58.873, GPU-ecc6a1f9-42fe-2932-7ea0-1dd285491b7b, 595, 100, 1328, 49, 47.52
2026/09/08 20:20:59.079, GPU-ecc6a1f9-42fe-2932-7ea0-1dd285491b7b, 595, 70, 1328, 50, 137.82
2026/09/08 20:20:59.282, GPU-ecc6a1f9-42fe-2932-7ea0-1dd285491b7b, 595, 100, 1328, 50, 137.35
2026/09/08 20:20:59.486, GPU-ecc6a1f9-42fe-2932-7ea0-1dd285491b7b, 595, 100, 1328, 50, 115.27
2026/09/08 20:20:59.689, GPU-ecc6a1f9-42fe-2932-7ea0-1dd285491b7b, 595, 86, 1328, 50, 143.41
2026/09/08 20:20:59.893, GPU-ecc6a1f9-42fe-2932-7ea0-1dd285491b7b, 595, 100, 1328, 50, 141.47
2026/09/08 20:21:00.096, GPU-ecc6a1f9-42fe-2932-7ea0-1dd285491b7b, 595, 100, 1328, 49, 129.67
2026/09/08 20:21:00.301, GPU-ecc6a1f9-42fe-2932-7ea0-1dd285491b7b, 595, 100, 1328, 50, 131.85
2026/09/08 20:21:00.505, GPU-ecc6a1f9-42fe-2932-7ea0-1dd285491b7b, 595, 96, 1328, 50, 127.49
2026/09/08 20:21:00.708, GPU-ecc6a1f9-42fe-2932-7ea0-1dd285491b7b, 595, 83, 1328, 50, 127.98
2026/09/08 20:21:00.912, GPU-ecc6a1f9-42fe-2932-7ea0-1dd285491b7b, 595, 100, 1328, 50, 121.26
2026/09/08 20:21:01.115, GPU-ecc6a1f9-42fe-2932-7ea0-1dd285491b7b, 595, 86, 1328, 50, 132.57
2026/09/08 20:21:01.321, GPU-ecc6a1f9-42fe-2932-7ea0-1dd285491b7b, 595, 100, 1328, 50, 124.90
2026/09/08 20:21:01.524, GPU-ecc6a1f9-42fe-2932-7ea0-1dd285491b7b, 595, 82, 1328, 50, 135.16
2026/09/08 20:21:01.728, GPU-ecc6a1f9-42fe-2932-7ea0-1dd285491b7b, 595, 100, 1328, 49, 102.95
2026/09/08 20:21:01.931, GPU-ecc6a1f9-42fe-2932-7ea0-1dd285491b7b, 595, 86, 1328, 49, 125.38
2026/09/08 20:21:02.135, GPU-ecc6a1f9-42fe-2932-7ea0-1dd285491b7b, 595, 100, 1328, 50, 125.14
2026/09/08 20:21:02.340, GPU-ecc6a1f9-42fe-2932-7ea0-1dd285491b7b, 595, 100, 1328, 49, 126.28
2026/09/08 20:21:02.544, GPU-ecc6a1f9-42fe-2932-7ea0-1dd285491b7b, 595, 84, 1328, 50, 128.22
2026/09/08 20:21:02.747, GPU-ecc6a1f9-42fe-2932-7ea0-1dd285491b7b, 595, 100, 1328, 50, 61.79
2026/09/08 20:21:02.951, GPU-ecc6a1f9-42fe-2932-7ea0-1dd285491b7b, 595, 100, 1328, 50, 129.19
2026/09/08 20:21:03.154, GPU-ecc6a1f9-42fe-2932-7ea0-1dd285491b7b, 597, 92, 1328, 49, 100.28
2026/09/08 20:21:03.359, GPU-ecc6a1f9-42fe-2932-7ea0-1dd285491b7b, 597, 90, 1328, 50, 152.03
2026/09/08 20:21:03.563, GPU-ecc6a1f9-42fe-2932-7ea0-1dd285491b7b, 597, 100, 1328, 50, 152.51
2026/09/08 20:21:03.767, GPU-ecc6a1f9-42fe-2932-7ea0-1dd285491b7b, 597, 100, 1328, 50, 152.98
2026/09/08 20:21:03.970, GPU-ecc6a1f9-42fe-2932-7ea0-1dd285491b7b, 597, 100, 1328, 50, 153.72
2026/09/08 20:21:04.174, GPU-ecc6a1f9-42fe-2932-7ea0-1dd285491b7b, 597, 100, 1328, 50, 153.96
2026/09/08 20:21:04.379, GPU-ecc6a1f9-42fe-2932-7ea0-1dd285491b7b, 597, 100, 1328, 50, 152.99
2026/09/08 20:21:04.583, GPU-ecc6a1f9-42fe-2932-7ea0-1dd285491b7b, 597, 86, 1328, 50, 154.21
2026/09/08 20:21:04.786, GPU-ecc6a1f9-42fe-2932-7ea0-1dd285491b7b, 597, 100, 1328, 50, 155.16
2026/09/08 20:21:04.989, GPU-ecc6a1f9-42fe-2932-7ea0-1dd285491b7b, 597, 100, 1328, 51, 155.17
2026/09/08 20:21:05.193, GPU-ecc6a1f9-42fe-2932-7ea0-1dd285491b7b, 597, 100, 1328, 51, 154.92
2026/09/08 20:21:05.398, GPU-ecc6a1f9-42fe-2932-7ea0-1dd285491b7b, 597, 100, 1328, 51, 154.35
2026/09/08 20:21:05.602, GPU-ecc6a1f9-42fe-2932-7ea0-1dd285491b7b, 597, 100, 1328, 50, 125.87
2026/09/08 20:21:05.805, GPU-ecc6a1f9-42fe-2932-7ea0-1dd285491b7b, 597, 100, 1328, 50, 124.65
2026/09/08 20:21:06.009, GPU-ecc6a1f9-42fe-2932-7ea0-1dd285491b7b, 597, 100, 1328, 50, 125.38
2026/09/08 20:21:06.212, GPU-ecc6a1f9-42fe-2932-7ea0-1dd285491b7b, 597, 100, 1328, 50, 124.90
2026/09/08 20:21:06.418, GPU-ecc6a1f9-42fe-2932-7ea0-1dd285491b7b, 597, 100, 1328, 50, 100.71
2026/09/08 20:21:06.621, GPU-ecc6a1f9-42fe-2932-7ea0-1dd285491b7b, 597, 100, 1328, 50, 151.30
2026/09/08 20:21:06.825, GPU-ecc6a1f9-42fe-2932-7ea0-1dd285491b7b, 597, 100, 1328, 50, 152.03
2026/09/08 20:21:07.028, GPU-ecc6a1f9-42fe-2932-7ea0-1dd285491b7b, 597, 100, 1328, 51, 152.27
2026/09/08 20:21:07.231, GPU-ecc6a1f9-42fe-2932-7ea0-1dd285491b7b, 597, 100, 1328, 51, 152.99
2026/09/08 20:21:07.437, GPU-ecc6a1f9-42fe-2932-7ea0-1dd285491b7b, 597, 100, 1328, 51, 152.99
2026/09/08 20:21:07.641, GPU-ecc6a1f9-42fe-2932-7ea0-1dd285491b7b, 597, 86, 1328, 50, 129.68
2026/09/08 20:21:07.844, GPU-ecc6a1f9-42fe-2932-7ea0-1dd285491b7b, 597, 100, 1328, 51, 131.13
2026/09/08 20:21:08.048, GPU-ecc6a1f9-42fe-2932-7ea0-1dd285491b7b, 597, 100, 1328, 51, 132.10
2026/09/08 20:21:08.251, GPU-ecc6a1f9-42fe-2932-7ea0-1dd285491b7b, 597, 100, 1328, 50, 110.18
2026/09/08 20:21:08.457, GPU-ecc6a1f9-42fe-2932-7ea0-1dd285491b7b, 597, 86, 1328, 51, 139.76
2026/09/08 20:21:08.660, GPU-ecc6a1f9-42fe-2932-7ea0-1dd285491b7b, 597, 100, 1328, 51, 138.08
2026/09/08 20:21:08.863, GPU-ecc6a1f9-42fe-2932-7ea0-1dd285491b7b, 597, 100, 1328, 50, 114.04
2026/09/08 20:21:09.067, GPU-ecc6a1f9-42fe-2932-7ea0-1dd285491b7b, 597, 85, 1328, 51, 128.46
2026/09/08 20:21:09.271, GPU-ecc6a1f9-42fe-2932-7ea0-1dd285491b7b, 597, 100, 1328, 50, 47.03
2026/09/08 20:21:09.476, GPU-ecc6a1f9-42fe-2932-7ea0-1dd285491b7b, 597, 100, 1328, 50, 122.71
2026/09/08 20:21:09.679, GPU-ecc6a1f9-42fe-2932-7ea0-1dd285491b7b, 597, 100, 1328, 50, 122.23
2026/09/08 20:21:09.883, GPU-ecc6a1f9-42fe-2932-7ea0-1dd285491b7b, 597, 100, 1328, 50, 51.64
2026/09/08 20:21:10.086, GPU-ecc6a1f9-42fe-2932-7ea0-1dd285491b7b, 597, 86, 1328, 50, 127.98
2026/09/08 20:21:10.290, GPU-ecc6a1f9-42fe-2932-7ea0-1dd285491b7b, 597, 100, 1328, 51, 79.30
2026/09/08 20:21:10.495, GPU-ecc6a1f9-42fe-2932-7ea0-1dd285491b7b, 597, 85, 1328, 50, 130.16
2026/09/08 20:21:10.699, GPU-ecc6a1f9-42fe-2932-7ea0-1dd285491b7b, 597, 100, 1328, 50, 119.56
2026/09/08 20:21:10.902, GPU-ecc6a1f9-42fe-2932-7ea0-1dd285491b7b, 597, 86, 1328, 50, 121.02
2026/09/08 20:21:11.106, GPU-ecc6a1f9-42fe-2932-7ea0-1dd285491b7b, 597, 100, 1328, 50, 121.02
2026/09/08 20:21:11.309, GPU-ecc6a1f9-42fe-2932-7ea0-1dd285491b7b, 597, 100, 1328, 50, 52.60
2026/09/08 20:21:11.515, GPU-ecc6a1f9-42fe-2932-7ea0-1dd285491b7b, 597, 86, 1328, 50, 124.90
2026/09/08 20:21:11.718, GPU-ecc6a1f9-42fe-2932-7ea0-1dd285491b7b, 597, 100, 1328, 51, 125.38
2026/09/08 20:21:11.922, GPU-ecc6a1f9-42fe-2932-7ea0-1dd285491b7b, 597, 86, 1328, 50, 126.76
2026/09/08 20:21:12.125, GPU-ecc6a1f9-42fe-2932-7ea0-1dd285491b7b, 597, 100, 1328, 50, 126.11
2026/09/08 20:21:12.329, GPU-ecc6a1f9-42fe-2932-7ea0-1dd285491b7b, 597, 82, 1328, 50, 133.30
2026/09/08 20:21:12.534, GPU-ecc6a1f9-42fe-2932-7ea0-1dd285491b7b, 597, 100, 1328, 50, 130.64
2026/09/08 20:21:12.737, GPU-ecc6a1f9-42fe-2932-7ea0-1dd285491b7b, 597, 100, 1328, 51, 132.10
2026/09/08 20:21:12.941, GPU-ecc6a1f9-42fe-2932-7ea0-1dd285491b7b, 597, 100, 1328, 51, 120.78
2026/09/08 20:21:13.144, GPU-ecc6a1f9-42fe-2932-7ea0-1dd285491b7b, 597, 70, 1328, 50, 152.89
2026/09/08 20:21:13.348, GPU-ecc6a1f9-42fe-2932-7ea0-1dd285491b7b, 597, 100, 1328, 51, 154.43
2026/09/08 20:21:13.553, GPU-ecc6a1f9-42fe-2932-7ea0-1dd285491b7b, 597, 100, 1328, 51, 154.45
2026/09/08 20:21:13.757, GPU-ecc6a1f9-42fe-2932-7ea0-1dd285491b7b, 597, 100, 1328, 51, 154.43
2026/09/08 20:21:13.960, GPU-ecc6a1f9-42fe-2932-7ea0-1dd285491b7b, 597, 100, 1328, 51, 154.45
2026/09/08 20:21:14.163, GPU-ecc6a1f9-42fe-2932-7ea0-1dd285491b7b, 597, 100, 1328, 51, 154.21
2026/09/08 20:21:14.367, GPU-ecc6a1f9-42fe-2932-7ea0-1dd285491b7b, 597, 87, 1328, 51, 133.54
2026/09/08 20:21:14.573, GPU-ecc6a1f9-42fe-2932-7ea0-1dd285491b7b, 597, 100, 1328, 51, 131.85
2026/09/08 20:21:14.776, GPU-ecc6a1f9-42fe-2932-7ea0-1dd285491b7b, 597, 100, 1328, 51, 132.09
2026/09/08 20:21:14.980, GPU-ecc6a1f9-42fe-2932-7ea0-1dd285491b7b, 597, 100, 1328, 51, 111.88
2026/09/08 20:21:15.183, GPU-ecc6a1f9-42fe-2932-7ea0-1dd285491b7b, 597, 86, 1328, 51, 148.64
2026/09/08 20:21:15.387, GPU-ecc6a1f9-42fe-2932-7ea0-1dd285491b7b, 597, 100, 1328, 51, 149.85
2026/09/08 20:21:15.592, GPU-ecc6a1f9-42fe-2932-7ea0-1dd285491b7b, 597, 100, 1328, 51, 150.57
2026/09/08 20:21:15.796, GPU-ecc6a1f9-42fe-2932-7ea0-1dd285491b7b, 597, 100, 1328, 51, 150.82
2026/09/08 20:21:15.999, GPU-ecc6a1f9-42fe-2932-7ea0-1dd285491b7b, 597, 100, 1328, 51, 151.06
2026/09/08 20:21:16.203, GPU-ecc6a1f9-42fe-2932-7ea0-1dd285491b7b, 597, 100, 1328, 51, 151.30
2026/09/08 20:21:16.406, GPU-ecc6a1f9-42fe-2932-7ea0-1dd285491b7b, 597, 86, 1328, 51, 137.11
2026/09/08 20:21:16.610, GPU-ecc6a1f9-42fe-2932-7ea0-1dd285491b7b, 597, 100, 1328, 51, 136.93
2026/09/08 20:21:16.813, GPU-ecc6a1f9-42fe-2932-7ea0-1dd285491b7b, 597, 100, 1328, 51, 137.11
2026/09/08 20:21:17.020, GPU-ecc6a1f9-42fe-2932-7ea0-1dd285491b7b, 597, 84, 1328, 51, 141.47
2026/09/08 20:21:17.224, GPU-ecc6a1f9-42fe-2932-7ea0-1dd285491b7b, 597, 100, 1328, 51, 139.77
2026/09/08 20:21:17.427, GPU-ecc6a1f9-42fe-2932-7ea0-1dd285491b7b, 597, 100, 1328, 51, 100.35
2026/09/08 20:21:17.631, GPU-ecc6a1f9-42fe-2932-7ea0-1dd285491b7b, 597, 84, 1328, 51, 130.16
2026/09/08 20:21:17.835, GPU-ecc6a1f9-42fe-2932-7ea0-1dd285491b7b, 597, 100, 1328, 51, 81.20
2026/09/08 20:21:18.038, GPU-ecc6a1f9-42fe-2932-7ea0-1dd285491b7b, 597, 76, 1328, 51, 130.88
2026/09/08 20:21:18.242, GPU-ecc6a1f9-42fe-2932-7ea0-1dd285491b7b, 597, 100, 1328, 51, 127.01
2026/09/08 20:21:18.445, GPU-ecc6a1f9-42fe-2932-7ea0-1dd285491b7b, 597, 100, 1328, 51, 118.83
2026/09/08 20:21:18.650, GPU-ecc6a1f9-42fe-2932-7ea0-1dd285491b7b, 597, 84, 1328, 51, 130.87
2026/09/08 20:21:18.854, GPU-ecc6a1f9-42fe-2932-7ea0-1dd285491b7b, 597, 88, 1328, 51, 118.83
2026/09/08 20:21:19.057, GPU-ecc6a1f9-42fe-2932-7ea0-1dd285491b7b, 597, 95, 1328, 51, 126.84
2026/09/08 20:21:19.261, GPU-ecc6a1f9-42fe-2932-7ea0-1dd285491b7b, 597, 83, 1328, 51, 127.01
2026/09/08 20:21:19.464, GPU-ecc6a1f9-42fe-2932-7ea0-1dd285491b7b, 597, 100, 1328, 51, 126.11
2026/09/08 20:21:19.668, GPU-ecc6a1f9-42fe-2932-7ea0-1dd285491b7b, 597, 100, 1328, 51, 126.11
2026/09/08 20:21:19.873, GPU-ecc6a1f9-42fe-2932-7ea0-1dd285491b7b, 597, 85, 1328, 51, 127.25
2026/09/08 20:21:20.076, GPU-ecc6a1f9-42fe-2932-7ea0-1dd285491b7b, 597, 100, 1328, 51, 127.01
2026/09/08 20:21:20.280, GPU-ecc6a1f9-42fe-2932-7ea0-1dd285491b7b, 597, 100, 1328, 51, 130.88
2026/09/08 20:21:20.483, GPU-ecc6a1f9-42fe-2932-7ea0-1dd285491b7b, 597, 86, 1328, 51, 130.88
2026/09/08 20:21:20.687, GPU-ecc6a1f9-42fe-2932-7ea0-1dd285491b7b, 597, 86, 1328, 51, 154.43
2026/09/08 20:21:20.893, GPU-ecc6a1f9-42fe-2932-7ea0-1dd285491b7b, 597, 100, 1328, 51, 153.40
2026/09/08 20:21:21.096, GPU-ecc6a1f9-42fe-2932-7ea0-1dd285491b7b, 597, 100, 1328, 51, 153.24
2026/09/08 20:21:21.300, GPU-ecc6a1f9-42fe-2932-7ea0-1dd285491b7b, 597, 100, 1328, 52, 153.24
2026/09/08 20:21:21.503, GPU-ecc6a1f9-42fe-2932-7ea0-1dd285491b7b, 597, 100, 1328, 52, 153.24
2026/09/08 20:21:21.707, GPU-ecc6a1f9-42fe-2932-7ea0-1dd285491b7b, 597, 100, 1328, 52, 114.54
2026/09/08 20:21:21.912, GPU-ecc6a1f9-42fe-2932-7ea0-1dd285491b7b, 597, 86, 1328, 51, 152.99
2026/09/08 20:21:22.115, GPU-ecc6a1f9-42fe-2932-7ea0-1dd285491b7b, 597, 100, 1328, 52, 153.24
2026/09/08 20:21:22.319, GPU-ecc6a1f9-42fe-2932-7ea0-1dd285491b7b, 597, 100, 1328, 52, 153.72
2026/09/08 20:21:22.522, GPU-ecc6a1f9-42fe-2932-7ea0-1dd285491b7b, 597, 100, 1328, 52, 153.72
2026/09/08 20:21:22.726, GPU-ecc6a1f9-42fe-2932-7ea0-1dd285491b7b, 597, 100, 1328, 52, 153.96
2026/09/08 20:21:22.931, GPU-ecc6a1f9-42fe-2932-7ea0-1dd285491b7b, 597, 100, 1328, 52, 98.89
2026/09/08 20:21:23.135, GPU-ecc6a1f9-42fe-2932-7ea0-1dd285491b7b, 597, 77, 1328, 52, 123.44
2026/09/08 20:21:23.338, GPU-ecc6a1f9-42fe-2932-7ea0-1dd285491b7b, 597, 94, 1328, 52, 123.44
2026/09/08 20:21:23.542, GPU-ecc6a1f9-42fe-2932-7ea0-1dd285491b7b, 597, 100, 1328, 52, 122.23
2026/09/08 20:21:23.745, GPU-ecc6a1f9-42fe-2932-7ea0-1dd285491b7b, 597, 100, 1328, 52, 122.96
2026/09/08 20:21:23.951, GPU-ecc6a1f9-42fe-2932-7ea0-1dd285491b7b, 597, 100, 1328, 51, 122.22
2026/09/08 20:21:24.154, GPU-ecc6a1f9-42fe-2932-7ea0-1dd285491b7b, 597, 86, 1328, 51, 148.40
2026/09/08 20:21:24.358, GPU-ecc6a1f9-42fe-2932-7ea0-1dd285491b7b, 597, 100, 1328, 51, 149.85
2026/09/08 20:21:24.561, GPU-ecc6a1f9-42fe-2932-7ea0-1dd285491b7b, 597, 100, 1328, 52, 150.09
2026/09/08 20:21:24.764, GPU-ecc6a1f9-42fe-2932-7ea0-1dd285491b7b, 597, 100, 1328, 52, 150.57
2026/09/08 20:21:24.970, GPU-ecc6a1f9-42fe-2932-7ea0-1dd285491b7b, 597, 100, 1328, 52, 150.57
2026/09/08 20:21:25.173, GPU-ecc6a1f9-42fe-2932-7ea0-1dd285491b7b, 597, 100, 1328, 52, 67.43
2026/09/08 20:21:25.377, GPU-ecc6a1f9-42fe-2932-7ea0-1dd285491b7b, 597, 90, 1328, 52, 135.72
2026/09/08 20:21:25.580, GPU-ecc6a1f9-42fe-2932-7ea0-1dd285491b7b, 597, 100, 1328, 52, 134.99
2026/09/08 20:21:25.784, GPU-ecc6a1f9-42fe-2932-7ea0-1dd285491b7b, 597, 100, 1328, 52, 114.54
2026/09/08 20:21:25.989, GPU-ecc6a1f9-42fe-2932-7ea0-1dd285491b7b, 597, 100, 1328, 52, 135.96
2026/09/08 20:21:26.193, GPU-ecc6a1f9-42fe-2932-7ea0-1dd285491b7b, 597, 100, 1328, 52, 137.42
2026/09/08 20:21:26.397, GPU-ecc6a1f9-42fe-2932-7ea0-1dd285491b7b, 597, 100, 1328, 52, 92.57
2026/09/08 20:21:26.600, GPU-ecc6a1f9-42fe-2932-7ea0-1dd285491b7b, 597, 85, 1328, 52, 124.90
2026/09/08 20:21:26.804, GPU-ecc6a1f9-42fe-2932-7ea0-1dd285491b7b, 597, 100, 1328, 52, 117.86
2026/09/08 20:21:27.009, GPU-ecc6a1f9-42fe-2932-7ea0-1dd285491b7b, 597, 99, 1328, 51, 125.55
2026/09/08 20:21:27.213, GPU-ecc6a1f9-42fe-2932-7ea0-1dd285491b7b, 597, 100, 1328, 51, 125.14
2026/09/08 20:21:27.416, GPU-ecc6a1f9-42fe-2932-7ea0-1dd285491b7b, 597, 100, 1328, 52, 91.11
2026/09/08 20:21:27.619, GPU-ecc6a1f9-42fe-2932-7ea0-1dd285491b7b, 597, 86, 1328, 52, 124.65
2026/09/08 20:21:27.823, GPU-ecc6a1f9-42fe-2932-7ea0-1dd285491b7b, 597, 100, 1328, 52, 118.11
2026/09/08 20:21:28.028, GPU-ecc6a1f9-42fe-2932-7ea0-1dd285491b7b, 597, 86, 1328, 52, 132.09
2026/09/08 20:21:28.232, GPU-ecc6a1f9-42fe-2932-7ea0-1dd285491b7b, 597, 100, 1328, 51, 54.31
2026/09/08 20:21:28.435, GPU-ecc6a1f9-42fe-2932-7ea0-1dd285491b7b, 597, 86, 1328, 52, 122.96
2026/09/08 20:21:28.639, GPU-ecc6a1f9-42fe-2932-7ea0-1dd285491b7b, 597, 100, 1328, 52, 122.71
2026/09/08 20:21:28.842, GPU-ecc6a1f9-42fe-2932-7ea0-1dd285491b7b, 597, 100, 1328, 52, 92.32
2026/09/08 20:21:29.048, GPU-ecc6a1f9-42fe-2932-7ea0-1dd285491b7b, 597, 89, 1328, 52, 123.44
2026/09/08 20:21:29.251, GPU-ecc6a1f9-42fe-2932-7ea0-1dd285491b7b, 597, 100, 1328, 52, 123.20
2026/09/08 20:21:29.455, GPU-ecc6a1f9-42fe-2932-7ea0-1dd285491b7b, 597, 86, 1328, 52, 128.70
2026/09/08 20:21:29.658, GPU-ecc6a1f9-42fe-2932-7ea0-1dd285491b7b, 597, 100, 1328, 52, 128.22
2026/09/08 20:21:29.862, GPU-ecc6a1f9-42fe-2932-7ea0-1dd285491b7b, 597, 86, 1328, 52, 150.33
2026/09/08 20:21:30.067, GPU-ecc6a1f9-42fe-2932-7ea0-1dd285491b7b, 597, 100, 1328, 52, 150.82
2026/09/08 20:21:30.270, GPU-ecc6a1f9-42fe-2932-7ea0-1dd285491b7b, 597, 100, 1328, 52, 150.09
2026/09/08 20:21:30.474, GPU-ecc6a1f9-42fe-2932-7ea0-1dd285491b7b, 597, 100, 1328, 52, 150.33
2026/09/08 20:21:30.679, GPU-ecc6a1f9-42fe-2932-7ea0-1dd285491b7b, 597, 100, 1328, 52, 149.60
2026/09/08 20:21:30.882, GPU-ecc6a1f9-42fe-2932-7ea0-1dd285491b7b, 597, 100, 1328, 52, 150.09
2026/09/08 20:21:31.086, GPU-ecc6a1f9-42fe-2932-7ea0-1dd285491b7b, 597, 95, 1328, 52, 148.15
2026/09/08 20:21:31.290, GPU-ecc6a1f9-42fe-2932-7ea0-1dd285491b7b, 597, 91, 1328, 52, 149.60
2026/09/08 20:21:31.493, GPU-ecc6a1f9-42fe-2932-7ea0-1dd285491b7b, 597, 100, 1328, 52, 149.85
2026/09/08 20:21:31.697, GPU-ecc6a1f9-42fe-2932-7ea0-1dd285491b7b, 597, 100, 1328, 52, 149.60
2026/09/08 20:21:31.901, GPU-ecc6a1f9-42fe-2932-7ea0-1dd285491b7b, 597, 100, 1328, 52, 150.09
2026/09/08 20:21:32.106, GPU-ecc6a1f9-42fe-2932-7ea0-1dd285491b7b, 597, 100, 1328, 52, 150.57
2026/09/08 20:21:32.309, GPU-ecc6a1f9-42fe-2932-7ea0-1dd285491b7b, 597, 100, 1328, 52, 110.66
2026/09/08 20:21:32.513, GPU-ecc6a1f9-42fe-2932-7ea0-1dd285491b7b, 597, 86, 1328, 52, 130.40
2026/09/08 20:21:32.716, GPU-ecc6a1f9-42fe-2932-7ea0-1dd285491b7b, 597, 100, 1328, 52, 129.93
2026/09/08 20:21:32.920, GPU-ecc6a1f9-42fe-2932-7ea0-1dd285491b7b, 597, 100, 1328, 52, 128.96
2026/09/08 20:21:33.125, GPU-ecc6a1f9-42fe-2932-7ea0-1dd285491b7b, 597, 100, 1328, 52, 53.10
2026/09/08 20:21:33.329, GPU-ecc6a1f9-42fe-2932-7ea0-1dd285491b7b, 597, 86, 1328, 52, 149.60
2026/09/08 20:21:33.532, GPU-ecc6a1f9-42fe-2932-7ea0-1dd285491b7b, 597, 100, 1328, 52, 149.85
2026/09/08 20:21:33.735, GPU-ecc6a1f9-42fe-2932-7ea0-1dd285491b7b, 597, 100, 1328, 52, 149.85
2026/09/08 20:21:33.939, GPU-ecc6a1f9-42fe-2932-7ea0-1dd285491b7b, 597, 100, 1328, 52, 149.36
2026/09/08 20:21:34.145, GPU-ecc6a1f9-42fe-2932-7ea0-1dd285491b7b, 597, 100, 1328, 52, 148.64
2026/09/08 20:21:34.348, GPU-ecc6a1f9-42fe-2932-7ea0-1dd285491b7b, 597, 100, 1328, 52, 96.46
2026/09/08 20:21:34.551, GPU-ecc6a1f9-42fe-2932-7ea0-1dd285491b7b, 597, 87, 1328, 52, 136.85
2026/09/08 20:21:34.755, GPU-ecc6a1f9-42fe-2932-7ea0-1dd285491b7b, 597, 100, 1328, 53, 135.48
2026/09/08 20:21:34.959, GPU-ecc6a1f9-42fe-2932-7ea0-1dd285491b7b, 597, 100, 1328, 53, 133.54
2026/09/08 20:21:35.164, GPU-ecc6a1f9-42fe-2932-7ea0-1dd285491b7b, 597, 100, 1328, 52, 144.13
2026/09/08 20:21:35.367, GPU-ecc6a1f9-42fe-2932-7ea0-1dd285491b7b, 597, 100, 1328, 52, 143.65
2026/09/08 20:21:35.571, GPU-ecc6a1f9-42fe-2932-7ea0-1dd285491b7b, 597, 100, 1328, 53, 95.24
2026/09/08 20:21:35.774, GPU-ecc6a1f9-42fe-2932-7ea0-1dd285491b7b, 597, 86, 1328, 52, 132.82
2026/09/08 20:21:35.978, GPU-ecc6a1f9-42fe-2932-7ea0-1dd285491b7b, 597, 100, 1328, 52, 67.18
2026/09/08 20:21:36.184, GPU-ecc6a1f9-42fe-2932-7ea0-1dd285491b7b, 597, 85, 1328, 52, 127.01
2026/09/08 20:21:36.387, GPU-ecc6a1f9-42fe-2932-7ea0-1dd285491b7b, 597, 100, 1328, 52, 121.26
2026/09/08 20:21:36.590, GPU-ecc6a1f9-42fe-2932-7ea0-1dd285491b7b, 597, 97, 1328, 52, 54.55
2026/09/08 20:21:36.794, GPU-ecc6a1f9-42fe-2932-7ea0-1dd285491b7b, 597, 69, 1328, 52, 132.57
2026/09/08 20:21:36.998, GPU-ecc6a1f9-42fe-2932-7ea0-1dd285491b7b, 597, 100, 1328, 52, 105.57
2026/09/08 20:21:37.203, GPU-ecc6a1f9-42fe-2932-7ea0-1dd285491b7b, 597, 85, 1328, 52, 127.57
2026/09/08 20:21:37.407, GPU-ecc6a1f9-42fe-2932-7ea0-1dd285491b7b, 597, 86, 1328, 52, 126.04
2026/09/08 20:21:37.610, GPU-ecc6a1f9-42fe-2932-7ea0-1dd285491b7b, 597, 100, 1328, 52, 125.38
2026/09/08 20:21:37.814, GPU-ecc6a1f9-42fe-2932-7ea0-1dd285491b7b, 597, 100, 1328, 52, 125.14
2026/09/08 20:21:38.017, GPU-ecc6a1f9-42fe-2932-7ea0-1dd285491b7b, 597, 100, 1328, 52, 129.19
2026/09/08 20:21:38.220, GPU-ecc6a1f9-42fe-2932-7ea0-1dd285491b7b, 597, 100, 1328, 52, 128.95
2026/09/08 20:21:38.426, GPU-ecc6a1f9-42fe-2932-7ea0-1dd285491b7b, 597, 86, 1328, 52, 130.64
2026/09/08 20:21:38.630, GPU-ecc6a1f9-42fe-2932-7ea0-1dd285491b7b, 597, 100, 1328, 52, 130.40
2026/09/08 20:21:38.833, GPU-ecc6a1f9-42fe-2932-7ea0-1dd285491b7b, 597, 100, 1328, 52, 155.55
2026/09/08 20:21:39.037, GPU-ecc6a1f9-42fe-2932-7ea0-1dd285491b7b, 597, 86, 1328, 52, 156.76
2026/09/08 20:21:39.240, GPU-ecc6a1f9-42fe-2932-7ea0-1dd285491b7b, 597, 100, 1328, 53, 156.28
2026/09/08 20:21:39.444, GPU-ecc6a1f9-42fe-2932-7ea0-1dd285491b7b, 597, 100, 1328, 53, 156.52
2026/09/08 20:21:39.647, GPU-ecc6a1f9-42fe-2932-7ea0-1dd285491b7b, 597, 100, 1328, 53, 156.14
2026/09/08 20:21:39.850, GPU-ecc6a1f9-42fe-2932-7ea0-1dd285491b7b, 597, 100, 1328, 53, 155.66
2026/09/08 20:21:40.056, GPU-ecc6a1f9-42fe-2932-7ea0-1dd285491b7b, 597, 100, 1328, 53, 156.04
2026/09/08 20:21:40.260, GPU-ecc6a1f9-42fe-2932-7ea0-1dd285491b7b, 597, 100, 1328, 53, 154.93
2026/09/08 20:21:40.463, GPU-ecc6a1f9-42fe-2932-7ea0-1dd285491b7b, 597, 100, 1328, 53, 154.69
2026/09/08 20:21:40.666, GPU-ecc6a1f9-42fe-2932-7ea0-1dd285491b7b, 597, 100, 1328, 53, 154.69
2026/09/08 20:21:40.870, GPU-ecc6a1f9-42fe-2932-7ea0-1dd285491b7b, 597, 100, 1328, 53, 154.69
2026/09/08 20:21:41.073, GPU-ecc6a1f9-42fe-2932-7ea0-1dd285491b7b, 597, 100, 1328, 53, 108.05
2026/09/08 20:21:41.277, GPU-ecc6a1f9-42fe-2932-7ea0-1dd285491b7b, 597, 86, 1328, 53, 127.75
2026/09/08 20:21:41.480, GPU-ecc6a1f9-42fe-2932-7ea0-1dd285491b7b, 597, 100, 1328, 53, 128.23
2026/09/08 20:21:41.685, GPU-ecc6a1f9-42fe-2932-7ea0-1dd285491b7b, 597, 100, 1328, 53, 127.32
2026/09/08 20:21:41.888, GPU-ecc6a1f9-42fe-2932-7ea0-1dd285491b7b, 597, 100, 1328, 53, 126.35
2026/09/08 20:21:42.091, GPU-ecc6a1f9-42fe-2932-7ea0-1dd285491b7b, 597, 86, 1328, 53, 154.59
2026/09/08 20:21:42.295, GPU-ecc6a1f9-42fe-2932-7ea0-1dd285491b7b, 597, 100, 1328, 53, 155.31
2026/09/08 20:21:42.498, GPU-ecc6a1f9-42fe-2932-7ea0-1dd285491b7b, 597, 100, 1328, 53, 155.80
2026/09/08 20:21:42.705, GPU-ecc6a1f9-42fe-2932-7ea0-1dd285491b7b, 597, 100, 1328, 53, 156.13
2026/09/08 20:21:42.908, GPU-ecc6a1f9-42fe-2932-7ea0-1dd285491b7b, 597, 100, 1328, 53, 155.40
2026/09/08 20:21:43.111, GPU-ecc6a1f9-42fe-2932-7ea0-1dd285491b7b, 597, 100, 1328, 53, 155.80
2026/09/08 20:21:43.315, GPU-ecc6a1f9-42fe-2932-7ea0-1dd285491b7b, 597, 86, 1328, 53, 137.59
2026/09/08 20:21:43.518, GPU-ecc6a1f9-42fe-2932-7ea0-1dd285491b7b, 597, 100, 1328, 53, 137.18
2026/09/08 20:21:43.724, GPU-ecc6a1f9-42fe-2932-7ea0-1dd285491b7b, 597, 100, 1328, 53, 136.21
2026/09/08 20:21:43.928, GPU-ecc6a1f9-42fe-2932-7ea0-1dd285491b7b, 597, 86, 1328, 53, 125.62
2026/09/08 20:21:44.131, GPU-ecc6a1f9-42fe-2932-7ea0-1dd285491b7b, 597, 100, 1328, 53, 141.71
2026/09/08 20:21:44.335, GPU-ecc6a1f9-42fe-2932-7ea0-1dd285491b7b, 597, 100, 1328, 53, 135.24
2026/09/08 20:21:44.538, GPU-ecc6a1f9-42fe-2932-7ea0-1dd285491b7b, 597, 100, 1328, 53, 130.64
2026/09/08 20:21:44.743, GPU-ecc6a1f9-42fe-2932-7ea0-1dd285491b7b, 597, 86, 1328, 53, 123.68
2026/09/08 20:21:44.947, GPU-ecc6a1f9-42fe-2932-7ea0-1dd285491b7b, 597, 85, 1328, 53, 127.73
2026/09/08 20:21:45.150, GPU-ecc6a1f9-42fe-2932-7ea0-1dd285491b7b, 597, 100, 1328, 53, 127.49
2026/09/08 20:21:45.354, GPU-ecc6a1f9-42fe-2932-7ea0-1dd285491b7b, 597, 100, 1328, 53, 120.05
2026/09/08 20:21:45.557, GPU-ecc6a1f9-42fe-2932-7ea0-1dd285491b7b, 597, 100, 1328, 53, 130.16
2026/09/08 20:21:45.763, GPU-ecc6a1f9-42fe-2932-7ea0-1dd285491b7b, 597, 100, 1328, 53, 123.20
2026/09/08 20:21:45.966, GPU-ecc6a1f9-42fe-2932-7ea0-1dd285491b7b, 597, 86, 1328, 53, 134.51
2026/09/08 20:21:46.170, GPU-ecc6a1f9-42fe-2932-7ea0-1dd285491b7b, 597, 100, 1328, 53, 92.81
2026/09/08 20:21:46.373, GPU-ecc6a1f9-42fe-2932-7ea0-1dd285491b7b, 597, 86, 1328, 53, 125.14
2026/09/08 20:21:46.577, GPU-ecc6a1f9-42fe-2932-7ea0-1dd285491b7b, 597, 100, 1328, 53, 124.90
2026/09/08 20:21:46.782, GPU-ecc6a1f9-42fe-2932-7ea0-1dd285491b7b, 597, 100, 1328, 53, 122.47
2026/09/08 20:21:46.986, GPU-ecc6a1f9-42fe-2932-7ea0-1dd285491b7b, 597, 86, 1328, 53, 127.49
2026/09/08 20:21:47.189, GPU-ecc6a1f9-42fe-2932-7ea0-1dd285491b7b, 597, 100, 1328, 53, 127.32
2026/09/08 20:21:47.393, GPU-ecc6a1f9-42fe-2932-7ea0-1dd285491b7b, 597, 100, 1328, 53, 130.40
2026/09/08 20:21:47.596, GPU-ecc6a1f9-42fe-2932-7ea0-1dd285491b7b, 597, 100, 1328, 53, 130.40
2026/09/08 20:21:47.801, GPU-ecc6a1f9-42fe-2932-7ea0-1dd285491b7b, 597, 86, 1328, 53, 135.24
2026/09/08 20:21:48.005, GPU-ecc6a1f9-42fe-2932-7ea0-1dd285491b7b, 597, 100, 1328, 53, 132.81
2026/09/08 20:21:48.208, GPU-ecc6a1f9-42fe-2932-7ea0-1dd285491b7b, 597, 100, 1328, 53, 133.54
2026/09/08 20:21:48.412, GPU-ecc6a1f9-42fe-2932-7ea0-1dd285491b7b, 597, 100, 1328, 53, 131.60
2026/09/08 20:21:48.615, GPU-ecc6a1f9-42fe-2932-7ea0-1dd285491b7b, 597, 86, 1328, 53, 152.26
2026/09/08 20:21:48.821, GPU-ecc6a1f9-42fe-2932-7ea0-1dd285491b7b, 597, 100, 1328, 53, 153.38
2026/09/08 20:21:49.024, GPU-ecc6a1f9-42fe-2932-7ea0-1dd285491b7b, 597, 100, 1328, 53, 153.24
2026/09/08 20:21:49.228, GPU-ecc6a1f9-42fe-2932-7ea0-1dd285491b7b, 597, 100, 1328, 53, 153.72
2026/09/08 20:21:49.431, GPU-ecc6a1f9-42fe-2932-7ea0-1dd285491b7b, 597, 100, 1328, 53, 152.51
2026/09/08 20:21:49.635, GPU-ecc6a1f9-42fe-2932-7ea0-1dd285491b7b, 597, 100, 1328, 53, 152.75
2026/09/08 20:21:49.840, GPU-ecc6a1f9-42fe-2932-7ea0-1dd285491b7b, 597, 96, 1328, 53, 135.24
2026/09/08 20:21:50.044, GPU-ecc6a1f9-42fe-2932-7ea0-1dd285491b7b, 597, 90, 1328, 53, 133.30
2026/09/08 20:21:50.247, GPU-ecc6a1f9-42fe-2932-7ea0-1dd285491b7b, 597, 100, 1328, 53, 133.80
2026/09/08 20:21:50.451, GPU-ecc6a1f9-42fe-2932-7ea0-1dd285491b7b, 597, 100, 1328, 53, 131.62
2026/09/08 20:21:50.654, GPU-ecc6a1f9-42fe-2932-7ea0-1dd285491b7b, 597, 88, 1328, 53, 154.35
2026/09/08 20:21:50.860, GPU-ecc6a1f9-42fe-2932-7ea0-1dd285491b7b, 597, 98, 1328, 53, 156.04
2026/09/08 20:21:51.063, GPU-ecc6a1f9-42fe-2932-7ea0-1dd285491b7b, 597, 100, 1328, 53, 156.31
2026/09/08 20:21:51.266, GPU-ecc6a1f9-42fe-2932-7ea0-1dd285491b7b, 597, 100, 1328, 53, 156.04
2026/09/08 20:21:51.470, GPU-ecc6a1f9-42fe-2932-7ea0-1dd285491b7b, 597, 100, 1328, 53, 155.80
2026/09/08 20:21:51.673, GPU-ecc6a1f9-42fe-2932-7ea0-1dd285491b7b, 597, 100, 1328, 54, 155.66
2026/09/08 20:21:51.879, GPU-ecc6a1f9-42fe-2932-7ea0-1dd285491b7b, 597, 100, 1328, 53, 140.50
2026/09/08 20:21:52.083, GPU-ecc6a1f9-42fe-2932-7ea0-1dd285491b7b, 597, 86, 1328, 54, 139.53
2026/09/08 20:21:52.286, GPU-ecc6a1f9-42fe-2932-7ea0-1dd285491b7b, 597, 100, 1328, 54, 138.87
2026/09/08 20:21:52.489, GPU-ecc6a1f9-42fe-2932-7ea0-1dd285491b7b, 597, 98, 1328, 53, 139.53
2026/09/08 20:21:52.693, GPU-ecc6a1f9-42fe-2932-7ea0-1dd285491b7b, 597, 88, 1328, 54, 141.71
2026/09/08 20:21:52.898, GPU-ecc6a1f9-42fe-2932-7ea0-1dd285491b7b, 597, 100, 1328, 54, 118.59
2026/09/08 20:21:53.102, GPU-ecc6a1f9-42fe-2932-7ea0-1dd285491b7b, 597, 85, 1328, 54, 132.81
2026/09/08 20:21:53.305, GPU-ecc6a1f9-42fe-2932-7ea0-1dd285491b7b, 597, 100, 1328, 54, 124.17
2026/09/08 20:21:53.509, GPU-ecc6a1f9-42fe-2932-7ea0-1dd285491b7b, 597, 85, 1328, 53, 132.09
2026/09/08 20:21:53.712, GPU-ecc6a1f9-42fe-2932-7ea0-1dd285491b7b, 597, 100, 1328, 53, 130.40
2026/09/08 20:21:53.918, GPU-ecc6a1f9-42fe-2932-7ea0-1dd285491b7b, 597, 100, 1328, 53, 71.28
2026/09/08 20:21:54.121, GPU-ecc6a1f9-42fe-2932-7ea0-1dd285491b7b, 597, 96, 1328, 53, 132.33
2026/09/08 20:21:54.325, GPU-ecc6a1f9-42fe-2932-7ea0-1dd285491b7b, 597, 100, 1328, 53, 78.53
2026/09/08 20:21:54.529, GPU-ecc6a1f9-42fe-2932-7ea0-1dd285491b7b, 597, 86, 1328, 53, 137.58
2026/09/08 20:21:54.732, GPU-ecc6a1f9-42fe-2932-7ea0-1dd285491b7b, 597, 100, 1328, 53, 129.92
2026/09/08 20:21:54.938, GPU-ecc6a1f9-42fe-2932-7ea0-1dd285491b7b, 597, 100, 1328, 53, 127.49
2026/09/08 20:21:55.141, GPU-ecc6a1f9-42fe-2932-7ea0-1dd285491b7b, 597, 100, 1328, 53, 127.25
2026/09/08 20:21:55.344, GPU-ecc6a1f9-42fe-2932-7ea0-1dd285491b7b, 597, 86, 1328, 53, 128.95
2026/09/08 20:21:55.548, GPU-ecc6a1f9-42fe-2932-7ea0-1dd285491b7b, 597, 100, 1328, 53, 128.70
2026/09/08 20:21:55.751, GPU-ecc6a1f9-42fe-2932-7ea0-1dd285491b7b, 597, 100, 1328, 53, 130.88
2026/09/08 20:21:55.957, GPU-ecc6a1f9-42fe-2932-7ea0-1dd285491b7b, 597, 100, 1328, 53, 132.10
2026/09/08 20:21:56.160, GPU-ecc6a1f9-42fe-2932-7ea0-1dd285491b7b, 305, 84, 1328, 53, 44.35
2026/09/08 20:21:56.364, GPU-ecc6a1f9-42fe-2932-7ea0-1dd285491b7b, 5, 6, 1328, 52, 43.63
